slide_id,label,process,status,seg_level,sthresh,mthresh,close,use_otsu,keep_ids,exclude_ids,a_t,a_h,max_n_holes,vis_level,line_thickness,use_padding,contour_fn,bag_size,Pred_0,p_0,Pred_1,p_1
TCGA-3M-AB46-01Z-00-DX1.70F638A0-BDCB-4BDE-BBFE-6D78A1A08C5B,0,1,tbp,-1,8,7,4,False,none,none,16.0,4.0,8,-1,100,True,four_pt,53668.0,0.0,0.8110147714614868,1.0,0.188985213637352
TCGA-3M-AB47-01Z-00-DX1.D7D70922-A91F-4798-8D6E-DFD84D145A59,0,1,tbp,-1,8,7,4,False,none,none,16.0,4.0,8,-1,100,True,four_pt,54637.0,0.0,0.934579610824585,1.0,0.06542041897773743
TCGA-BR-6452-01Z-00-DX1.aec8246e-9dce-436d-9faa-df8fa1f6e47c,1,1,tbp,-1,8,7,4,False,none,none,16.0,4.0,8,-1,100,True,four_pt,47567.0,0.0,0.8184351921081543,1.0,0.1815648078918457
TCGA-BR-6453-01Z-00-DX1.2e52d64c-e34f-47a9-9e5e-8954b5ef18ca,0,1,tbp,-1,8,7,4,False,none,none,16.0,4.0,8,-1,100,True,four_pt,37114.0,0.0,0.9598308801651001,1.0,0.04016910493373871
TCGA-BR-6454-01Z-00-DX1.63fb6280-2b43-49b2-960a-eb9c0e8b617c,0,1,tbp,-1,8,7,4,False,none,none,16.0,4.0,8,-1,100,True,four_pt,48613.0,0.0,0.6658433079719543,1.0,0.33415666222572327
TCGA-BR-6455-01Z-00-DX1.402682fe-98b4-4381-85da-98510db17af9,0,1,tbp,-1,8,7,4,False,none,none,16.0,4.0,8,-1,100,True,four_pt,50665.0,0.0,0.8064488768577576,1.0,0.19355109333992004
TCGA-BR-6456-01Z-00-DX1.2cb7b656-95e1-4f34-99e6-77a051fb79e5,0,1,tbp,-1,8,7,4,False,none,none,16.0,4.0,8,-1,100,True,four_pt,63919.0,0.0,0.9369525909423828,1.0,0.06304735690355301
TCGA-BR-6457-01Z-00-DX1.387f0968-fcec-4864-86f8-9c87f658c371,0,1,tbp,-1,8,7,4,False,none,none,16.0,4.0,8,-1,100,True,four_pt,43109.0,0.0,0.9670876264572144,1.0,0.03291237726807594
TCGA-BR-6458-01Z-00-DX1.e889b058-99ab-4337-84a5-60a884caad55,0,1,tbp,-1,8,7,4,False,none,none,16.0,4.0,8,-1,100,True,four_pt,54255.0,0.0,0.9529082775115967,1.0,0.04709174484014511
TCGA-BR-6563-01Z-00-DX1.2398c0e0-47a6-4557-8e2d-3b890756900a,0,1,tbp,-1,8,7,4,False,none,none,16.0,4.0,8,-1,100,True,four_pt,46541.0,0.0,0.9739877581596375,1.0,0.02601226605474949
TCGA-BR-6564-01Z-00-DX1.ad86e83f-ebfd-4eee-8bf8-7490c5f79a17,0,1,tbp,-1,8,7,4,False,none,none,16.0,4.0,8,-1,100,True,four_pt,57893.0,0.0,0.9779219627380371,1.0,0.02207806520164013
TCGA-BR-6565-01Z-00-DX1.0e53f881-e0d7-4906-946a-67f612906476,0,1,tbp,-1,8,7,4,False,none,none,16.0,4.0,8,-1,100,True,four_pt,41392.0,0.0,0.8730040788650513,1.0,0.12699593603610992
TCGA-BR-6566-01Z-00-DX1.908c1c0f-12a4-4fa8-a398-ca3b033e7496,1,1,tbp,-1,8,7,4,False,none,none,16.0,4.0,8,-1,100,True,four_pt,61530.0,0.0,0.8033229112625122,1.0,0.1966770589351654
TCGA-BR-6705-01Z-00-DX1.1e145e40-56d6-4ebd-9a9b-bc5a0cbe3247,0,1,tbp,-1,8,7,4,False,none,none,16.0,4.0,8,-1,100,True,four_pt,73490.0,0.0,0.9108376502990723,1.0,0.08916233479976654
TCGA-BR-6706-01Z-00-DX1.8627a957-8d44-47ec-9156-53ccc37b9add,0,1,tbp,-1,8,7,4,False,none,none,16.0,4.0,8,-1,100,True,four_pt,47881.0,0.0,0.7686427235603333,1.0,0.23135727643966675
TCGA-BR-6707-01Z-00-DX1.fade928c-b514-43d8-90dd-37b505df9992,0,1,tbp,-1,8,7,4,False,none,none,16.0,4.0,8,-1,100,True,four_pt,68855.0,1.0,0.512714147567749,0.0,0.487285852432251
TCGA-BR-6801-01Z-00-DX1.7d2aaa44-16f0-4526-87f2-6e95cdb5df3b,0,1,tbp,-1,8,7,4,False,none,none,16.0,4.0,8,-1,100,True,four_pt,56553.0,0.0,0.7639590501785278,1.0,0.23604094982147217
TCGA-BR-6802-01Z-00-DX1.e171554c-05b5-4622-beb7-0abee31f5109,1,1,tbp,-1,8,7,4,False,none,none,16.0,4.0,8,-1,100,True,four_pt,75192.0,1.0,0.504877507686615,0.0,0.4951225221157074
TCGA-BR-6803-01Z-00-DX1.0704a32a-4a03-4c67-96ad-4888ea899c70,0,1,tbp,-1,8,7,4,False,none,none,16.0,4.0,8,-1,100,True,four_pt,39815.0,0.0,0.9628911018371582,1.0,0.037108879536390305
TCGA-BR-6852-01Z-00-DX1.9cdca0ad-9351-42c2-8082-3742de914369,1,1,tbp,-1,8,7,4,False,none,none,16.0,4.0,8,-1,100,True,four_pt,86188.0,0.0,0.5728226900100708,1.0,0.4271773099899292
TCGA-BR-7196-01Z-00-DX1.651ae8f6-2d2e-4520-9419-29b957e85d03,0,1,tbp,-1,8,7,4,False,none,none,16.0,4.0,8,-1,100,True,four_pt,90543.0,0.0,0.8806868195533752,1.0,0.11931316554546356
TCGA-BR-7197-01Z-00-DX1.a8ee53be-925d-4922-b670-74b09f405dd3,0,1,tbp,-1,8,7,4,False,none,none,16.0,4.0,8,-1,100,True,four_pt,39578.0,0.0,0.8508321642875671,1.0,0.14916783571243286
TCGA-BR-7703-01Z-00-DX1.405deaeb-de87-480f-b676-3657d92d1f68,1,1,tbp,-1,8,7,4,False,none,none,16.0,4.0,8,-1,100,True,four_pt,25682.0,0.0,0.6172878742218018,1.0,0.38271206617355347
TCGA-BR-7707-01Z-00-DX1.0aae4d1b-3345-4277-8820-c54e3df2e64f,1,1,tbp,-1,8,7,4,False,none,none,16.0,4.0,8,-1,100,True,four_pt,59502.0,0.0,0.7119079232215881,1.0,0.28809207677841187
TCGA-BR-7715-01Z-00-DX1.30aff8b3-bb1b-4aff-9f6b-2dde40122359,0,1,tbp,-1,8,7,4,False,none,none,16.0,4.0,8,-1,100,True,four_pt,47761.0,0.0,0.7709168195724487,1.0,0.22908316552639008
TCGA-BR-7716-01Z-00-DX1.777e570a-5771-4288-b110-26e44358745b,0,1,tbp,-1,8,7,4,False,none,none,16.0,4.0,8,-1,100,True,four_pt,79007.0,0.0,0.7597445249557495,1.0,0.24025554955005646
TCGA-BR-7717-01Z-00-DX1.caf061b5-c58d-4f32-a49c-383003fb4f57,0,1,tbp,-1,8,7,4,False,none,none,16.0,4.0,8,-1,100,True,four_pt,33245.0,0.0,0.7377475500106812,1.0,0.26225242018699646
TCGA-BR-7722-01Z-00-DX1.06384343-d45c-4087-95c6-3b11304ec28e,0,1,tbp,-1,8,7,4,False,none,none,16.0,4.0,8,-1,100,True,four_pt,63878.0,0.0,0.8746519088745117,1.0,0.12534810602664948
TCGA-BR-7723-01Z-00-DX1.15f75a3f-93b8-423f-b5b5-bdb5ef378ed8,0,1,tbp,-1,8,7,4,False,none,none,16.0,4.0,8,-1,100,True,four_pt,97701.0,0.0,0.6792645454406738,1.0,0.32073545455932617
TCGA-BR-7851-01Z-00-DX1.1f3a3b7d-0c1e-42af-9d5b-2a90b759eca9,1,1,tbp,-1,8,7,4,False,none,none,16.0,4.0,8,-1,100,True,four_pt,59636.0,1.0,0.5167050361633301,0.0,0.4832949638366699
TCGA-BR-7901-01Z-00-DX1.5c4f8dec-3428-4019-a9fb-00f07f9418e6,0,1,tbp,-1,8,7,4,False,none,none,16.0,4.0,8,-1,100,True,four_pt,59334.0,0.0,0.9416652321815491,1.0,0.05833476036787033
TCGA-BR-7957-01Z-00-DX1.870e24e0-b9cf-4baa-91f1-bd031d06da8e,0,1,tbp,-1,8,7,4,False,none,none,16.0,4.0,8,-1,100,True,four_pt,78658.0,0.0,0.8651455640792847,1.0,0.13485445082187653
TCGA-BR-7958-01Z-00-DX1.41f7c42e-6266-49d7-bdb6-66771033961f,0,1,tbp,-1,8,7,4,False,none,none,16.0,4.0,8,-1,100,True,four_pt,52880.0,1.0,0.575241208076477,0.0,0.42475876212120056
TCGA-BR-7959-01Z-00-DX1.fe1ffcd9-7252-4ac8-9ece-08b9cd78107c,0,1,tbp,-1,8,7,4,False,none,none,16.0,4.0,8,-1,100,True,four_pt,82087.0,0.0,0.850817859172821,1.0,0.14918220043182373
TCGA-BR-8059-01Z-00-DX1.b877e3e3-cde8-4a00-b2dc-53db8bc25d53,1,1,tbp,-1,8,7,4,False,none,none,16.0,4.0,8,-1,100,True,four_pt,31729.0,0.0,0.5349972248077393,1.0,0.46500274538993835
TCGA-BR-8077-01Z-00-DX1.8c68b0bb-ef3f-41e4-bd01-8a1dbb5ee8c1,0,1,tbp,-1,8,7,4,False,none,none,16.0,4.0,8,-1,100,True,four_pt,63869.0,0.0,0.7237337827682495,1.0,0.2762662172317505
TCGA-BR-8078-01Z-00-DX1.8e4a1099-d1c4-46b2-ae3b-5276b93d7003,1,1,tbp,-1,8,7,4,False,none,none,16.0,4.0,8,-1,100,True,four_pt,101065.0,1.0,0.5256339907646179,0.0,0.4743660092353821
TCGA-BR-8080-01Z-00-DX1.bd4c0cc9-5baa-4cd0-990b-1f2ce0a19a35,0,1,tbp,-1,8,7,4,False,none,none,16.0,4.0,8,-1,100,True,four_pt,81332.0,0.0,0.9684518575668335,1.0,0.03154819458723068
TCGA-BR-8081-01Z-00-DX1.c6c1ef86-9aad-463e-a64a-f1a2dbe465dc,1,1,tbp,-1,8,7,4,False,none,none,16.0,4.0,8,-1,100,True,four_pt,49949.0,0.0,0.5956212282180786,1.0,0.4043788015842438
TCGA-BR-8284-01Z-00-DX1.ea9f3dca-8390-4ae4-8ede-5ed776d1ad4d,1,1,tbp,-1,8,7,4,False,none,none,16.0,4.0,8,-1,100,True,four_pt,86756.0,0.0,0.5604211688041687,1.0,0.4395788013935089
TCGA-BR-8286-01Z-00-DX1.4e8edc91-41c1-4b40-89b5-6f09636e4a3f,0,1,tbp,-1,8,7,4,False,none,none,16.0,4.0,8,-1,100,True,four_pt,91026.0,0.0,0.6513651013374329,1.0,0.34863486886024475
TCGA-BR-8289-01Z-00-DX1.3fd11755-cb87-40fe-92e2-0ccc55aefa0d,0,1,tbp,-1,8,7,4,False,none,none,16.0,4.0,8,-1,100,True,four_pt,55968.0,0.0,0.8287467956542969,1.0,0.17125321924686432
TCGA-BR-8291-01Z-00-DX1.a7e89a69-6d6d-4c43-b299-a618bd859170,0,1,tbp,-1,8,7,4,False,none,none,16.0,4.0,8,-1,100,True,four_pt,78175.0,0.0,0.9093828201293945,1.0,0.09061722457408905
TCGA-BR-8297-01Z-00-DX1.881fd27f-e2c1-42fe-9b1a-afae4fcc4909,0,1,tbp,-1,8,7,4,False,none,none,16.0,4.0,8,-1,100,True,four_pt,75049.0,0.0,0.9349477291107178,1.0,0.06505230814218521
TCGA-BR-8361-01Z-00-DX1.1b4bb384-c462-453a-97b4-663dbba4a464,1,1,tbp,-1,8,7,4,False,none,none,16.0,4.0,8,-1,100,True,four_pt,80623.0,0.0,0.62626051902771,1.0,0.37373945116996765
TCGA-BR-8363-01Z-00-DX1.eeecad72-b281-4e28-be60-4542b4a275aa,1,1,tbp,-1,8,7,4,False,none,none,16.0,4.0,8,-1,100,True,four_pt,15760.0,1.0,0.5332906246185303,0.0,0.4667093753814697
TCGA-BR-8364-01Z-00-DX1.245676db-6d78-4ae4-ae36-b4a70781a2f8,0,1,tbp,-1,8,7,4,False,none,none,16.0,4.0,8,-1,100,True,four_pt,63404.0,0.0,0.9615634083747864,1.0,0.038436535745859146
TCGA-BR-8365-01Z-00-DX1.0cf05858-a4a5-468e-aa62-d3e3e91eab4a,0,1,tbp,-1,8,7,4,False,none,none,16.0,4.0,8,-1,100,True,four_pt,40856.0,0.0,0.9821626543998718,1.0,0.01783735677599907
TCGA-BR-8366-01Z-00-DX1.3cda0b57-d0a4-4877-a31c-c9f5f9007cc7,0,1,tbp,-1,8,7,4,False,none,none,16.0,4.0,8,-1,100,True,four_pt,57775.0,0.0,0.981669008731842,1.0,0.018330950289964676
TCGA-BR-8367-01Z-00-DX1.25d1e251-923d-46f5-9a6b-2f6207def599,0,1,tbp,-1,8,7,4,False,none,none,16.0,4.0,8,-1,100,True,four_pt,44010.0,0.0,0.9391378164291382,1.0,0.06086217612028122
TCGA-BR-8368-01Z-00-DX1.b1d32cec-36d6-4ee9-9455-bf0c797a271a,1,1,tbp,-1,8,7,4,False,none,none,16.0,4.0,8,-1,100,True,four_pt,49785.0,0.0,0.8744041323661804,1.0,0.12559592723846436
TCGA-BR-8369-01Z-00-DX1.13c80644-af27-4971-9e41-4d18c1c78378,0,1,tbp,-1,8,7,4,False,none,none,16.0,4.0,8,-1,100,True,four_pt,50393.0,0.0,0.9785968065261841,1.0,0.02140325866639614
TCGA-BR-8371-01Z-00-DX1.89838852-2ec7-491f-bc29-2cecbda401df,0,1,tbp,-1,8,7,4,False,none,none,16.0,4.0,8,-1,100,True,four_pt,77861.0,0.0,0.9895232319831848,1.0,0.010476784780621529
TCGA-BR-8372-01Z-00-DX1.d0f9d5fd-3d6e-4d86-ad63-fb3611d6af05,1,1,tbp,-1,8,7,4,False,none,none,16.0,4.0,8,-1,100,True,four_pt,52533.0,0.0,0.6863955855369568,1.0,0.3136044144630432
TCGA-BR-8373-01Z-00-DX1.d508dfad-2195-4aa4-bccc-58a450d07182,0,1,tbp,-1,8,7,4,False,none,none,16.0,4.0,8,-1,100,True,four_pt,49156.0,0.0,0.976771891117096,1.0,0.023228105157613754
TCGA-BR-8380-01Z-00-DX1.4692f9c9-a7f2-4274-be65-6990f02c1275,0,1,tbp,-1,8,7,4,False,none,none,16.0,4.0,8,-1,100,True,four_pt,55743.0,0.0,0.9345673322677612,1.0,0.06543264538049698
TCGA-BR-8381-01Z-00-DX1.1a017141-7af0-4aba-8e07-18b9bd9ce6a3,0,1,tbp,-1,8,7,4,False,none,none,16.0,4.0,8,-1,100,True,four_pt,63003.0,0.0,0.861971378326416,1.0,0.1380285918712616
TCGA-BR-8382-01Z-00-DX1.b74fc4a1-4dfc-47dc-8ee1-2fa44ad17a69,1,1,tbp,-1,8,7,4,False,none,none,16.0,4.0,8,-1,100,True,four_pt,52252.0,0.0,0.789078414440155,1.0,0.21092158555984497
TCGA-BR-8384-01Z-00-DX1.4f2655b6-39ef-4532-b8ed-b604ee5dada5,0,1,tbp,-1,8,7,4,False,none,none,16.0,4.0,8,-1,100,True,four_pt,56110.0,0.0,0.9579899311065674,1.0,0.042010072618722916
TCGA-BR-8483-01Z-00-DX1.0ddc4003-6d59-4b2b-9448-2755120de9f2,0,1,tbp,-1,8,7,4,False,none,none,16.0,4.0,8,-1,100,True,four_pt,71404.0,0.0,0.9828807711601257,1.0,0.017119206488132477
TCGA-BR-8484-01Z-00-DX1.5c897888-fcd2-4214-aa1e-f6a63ff1b755,0,1,tbp,-1,8,7,4,False,none,none,16.0,4.0,8,-1,100,True,four_pt,52496.0,0.0,0.9458255171775818,1.0,0.05417443439364433
TCGA-BR-8485-01Z-00-DX1.863bea72-3bd3-4f07-bbc9-e00d17ae39f7,0,1,tbp,-1,8,7,4,False,none,none,16.0,4.0,8,-1,100,True,four_pt,35120.0,0.0,0.8674534559249878,1.0,0.1325465887784958
TCGA-BR-8486-01Z-00-DX1.5a31224e-5c0e-49ca-ae65-d2edc8e4a0a2,0,1,tbp,-1,8,7,4,False,none,none,16.0,4.0,8,-1,100,True,four_pt,57986.0,0.0,0.8915582299232483,1.0,0.10844176262617111
TCGA-BR-8588-01Z-00-DX1.34ca86de-a957-4cf7-9337-de0bba1844bc,0,1,tbp,-1,8,7,4,False,none,none,16.0,4.0,8,-1,100,True,four_pt,32346.0,0.0,0.944371223449707,1.0,0.05562872067093849
TCGA-BR-8589-01Z-00-DX1.5cd1a083-358a-4238-b3ca-1bfcdc084e80,0,1,tbp,-1,8,7,4,False,none,none,16.0,4.0,8,-1,100,True,four_pt,49651.0,0.0,0.851454496383667,1.0,0.14854548871517181
TCGA-BR-8590-01Z-00-DX1.504afa1d-3a8f-423f-9edf-4df35720c05f,0,1,tbp,-1,8,7,4,False,none,none,16.0,4.0,8,-1,100,True,four_pt,51132.0,0.0,0.9831603169441223,1.0,0.01683962345123291
TCGA-BR-8591-01Z-00-DX1.c64ee000-b80d-46dd-b347-7aa8ce3b6113,1,1,tbp,-1,8,7,4,False,none,none,16.0,4.0,8,-1,100,True,four_pt,31727.0,0.0,0.8491607904434204,1.0,0.15083923935890198
TCGA-BR-8592-01Z-00-DX1.5656d484-7850-467a-9d51-b6005a992225,0,1,tbp,-1,8,7,4,False,none,none,16.0,4.0,8,-1,100,True,four_pt,66721.0,0.0,0.9937625527381897,1.0,0.0062374332919716835
TCGA-BR-8677-01Z-00-DX1.7b2468f0-636f-4447-ae26-05cacf24e9c4,0,1,tbp,-1,8,7,4,False,none,none,16.0,4.0,8,-1,100,True,four_pt,55550.0,0.0,0.9595187306404114,1.0,0.040481310337781906
TCGA-BR-8678-01Z-00-DX1.b6b8888f-c3e6-4466-a13b-8434ff5b3a30,0,1,tbp,-1,8,7,4,False,none,none,16.0,4.0,8,-1,100,True,four_pt,27990.0,0.0,0.9163927435874939,1.0,0.08360729366540909
TCGA-BR-8679-01Z-00-DX1.2aa8a10d-4b62-479b-bea8-6c48428a888a,0,1,tbp,-1,8,7,4,False,none,none,16.0,4.0,8,-1,100,True,four_pt,28423.0,0.0,0.9449745416641235,1.0,0.05502549558877945
TCGA-BR-8680-01Z-00-DX1.a314ef6e-f3f9-4148-934e-dc432e3f39e8,0,1,tbp,-1,8,7,4,False,none,none,16.0,4.0,8,-1,100,True,four_pt,57196.0,0.0,0.7206845879554749,1.0,0.27931541204452515
TCGA-BR-8682-01Z-00-DX1.269b5b35-7ccb-4343-b2a4-2add6fa129a5,0,1,tbp,-1,8,7,4,False,none,none,16.0,4.0,8,-1,100,True,four_pt,60163.0,0.0,0.9447124004364014,1.0,0.05528755486011505
TCGA-BR-8683-01Z-00-DX1.586c64f3-3f10-4729-99e2-38c6bd32e50d,0,1,tbp,-1,8,7,4,False,none,none,16.0,4.0,8,-1,100,True,four_pt,53565.0,0.0,0.9312400817871094,1.0,0.06875993311405182
TCGA-BR-8686-01Z-00-DX1.8f559dd9-228e-4ed2-a7e4-16e04b80f05c,0,1,tbp,-1,8,7,4,False,none,none,16.0,4.0,8,-1,100,True,four_pt,38742.0,0.0,0.934187114238739,1.0,0.06581292301416397
TCGA-BR-8687-01Z-00-DX1.95a2ccce-d477-42ca-9be1-eec03bc9f117,0,1,tbp,-1,8,7,4,False,none,none,16.0,4.0,8,-1,100,True,four_pt,42077.0,0.0,0.9082233905792236,1.0,0.09177667647600174
TCGA-BR-A44T-01Z-00-DX1.46AA24E7-F2C9-418B-90AA-D6DA2896F5DE,0,1,tbp,-1,8,7,4,False,none,none,16.0,4.0,8,-1,100,True,four_pt,31078.0,0.0,0.9220910668373108,1.0,0.07790897786617279
TCGA-BR-A44U-01Z-00-DX1.8C665560-8CAC-4ABF-B2B2-17A76B3A9F14,0,1,tbp,-1,8,7,4,False,none,none,16.0,4.0,8,-1,100,True,four_pt,42969.0,0.0,0.9333245158195496,1.0,0.06667543202638626
TCGA-BR-A452-01Z-00-DX1.049385EF-FF29-4124-800D-A3FF525A85A0,0,1,tbp,-1,8,7,4,False,none,none,16.0,4.0,8,-1,100,True,four_pt,79230.0,0.0,0.8685121536254883,1.0,0.13148781657218933
TCGA-BR-A453-01Z-00-DX1.23506C02-B7C6-426B-999F-6D9A75942281,0,1,tbp,-1,8,7,4,False,none,none,16.0,4.0,8,-1,100,True,four_pt,67702.0,0.0,0.915434718132019,1.0,0.08456525206565857
TCGA-BR-A4CR-01Z-00-DX1.9DC43CFC-D1DC-4851-A1C1-CE8E3A24B8A4,0,1,tbp,-1,8,7,4,False,none,none,16.0,4.0,8,-1,100,True,four_pt,30481.0,0.0,0.8576951026916504,1.0,0.14230485260486603
TCGA-BR-A4CS-01Z-00-DX1.84B5892C-6C7F-474D-BA09-04E870A47764,0,1,tbp,-1,8,7,4,False,none,none,16.0,4.0,8,-1,100,True,four_pt,36220.0,0.0,0.6583741307258606,1.0,0.341625839471817
TCGA-BR-A4IU-01Z-00-DX1.4F3CD2B4-A19E-42C5-9ABD-850D80D47E4C,0,1,tbp,-1,8,7,4,False,none,none,16.0,4.0,8,-1,100,True,four_pt,84233.0,0.0,0.9553722739219666,1.0,0.04462771490216255
TCGA-BR-A4IV-01Z-00-DX1.53BA2682-9B7A-4035-B811-4A3504158298,0,1,tbp,-1,8,7,4,False,none,none,16.0,4.0,8,-1,100,True,four_pt,45042.0,0.0,0.908778965473175,1.0,0.09122105687856674
TCGA-BR-A4IY-01Z-00-DX1.84134CDC-D21F-43AD-82E3-1074487457F6,0,1,tbp,-1,8,7,4,False,none,none,16.0,4.0,8,-1,100,True,four_pt,39873.0,0.0,0.7809512615203857,1.0,0.21904873847961426
TCGA-BR-A4IZ-01Z-00-DX1.8D8B49FE-E60E-4DED-AC30-FD32605E7EAF,0,1,tbp,-1,8,7,4,False,none,none,16.0,4.0,8,-1,100,True,four_pt,86602.0,0.0,0.9389072060585022,1.0,0.06109282374382019
TCGA-BR-A4J1-01Z-00-DX1.B4F9F7D6-174B-42C9-AFFF-A088398F18EA,0,1,tbp,-1,8,7,4,False,none,none,16.0,4.0,8,-1,100,True,four_pt,67641.0,0.0,0.634031355381012,1.0,0.36596858501434326
TCGA-BR-A4J2-01Z-00-DX1.37D92442-6B00-4171-81E3-73A7FC6BBEF4,0,1,tbp,-1,8,7,4,False,none,none,16.0,4.0,8,-1,100,True,four_pt,53942.0,0.0,0.9014153480529785,1.0,0.09858466684818268
TCGA-BR-A4J4-01Z-00-DX1.06376906-1008-433B-BD90-B5697B0BBEE3,0,1,tbp,-1,8,7,4,False,none,none,16.0,4.0,8,-1,100,True,four_pt,64191.0,0.0,0.7852125763893127,1.0,0.21478739380836487
TCGA-BR-A4J5-01Z-00-DX1.C7D0D294-0280-415A-A8BB-ACB3177E5A0D,0,1,tbp,-1,8,7,4,False,none,none,16.0,4.0,8,-1,100,True,four_pt,90818.0,0.0,0.9596647620201111,1.0,0.040335286408662796
TCGA-BR-A4J6-01Z-00-DX1.59317146-9CAF-4F48-B9F6-D026B3603652,0,1,tbp,-1,8,7,4,False,none,none,16.0,4.0,8,-1,100,True,four_pt,70611.0,0.0,0.9196605086326599,1.0,0.08033953607082367
TCGA-BR-A4J7-01Z-00-DX1.95C74F68-FA18-446D-934D-296D9215D500,0,1,tbp,-1,8,7,4,False,none,none,16.0,4.0,8,-1,100,True,four_pt,78478.0,0.0,0.9042296409606934,1.0,0.09577040374279022
TCGA-BR-A4J8-01Z-00-DX1.40FF4C05-E9BF-412B-93D7-5E0CDCDAC4B1,0,1,tbp,-1,8,7,4,False,none,none,16.0,4.0,8,-1,100,True,four_pt,55643.0,0.0,0.9180213212966919,1.0,0.0819786936044693
TCGA-BR-A4J9-01Z-00-DX1.BF65A4F7-AB59-4488-A7C1-152C89BEA917,0,1,tbp,-1,8,7,4,False,none,none,16.0,4.0,8,-1,100,True,four_pt,75920.0,0.0,0.9178261756896973,1.0,0.08217385411262512
TCGA-BR-A4PD-01Z-00-DX1.F89DB0AC-DED8-4941-80A8-0C7975571C3C,0,1,tbp,-1,8,7,4,False,none,none,16.0,4.0,8,-1,100,True,four_pt,55596.0,1.0,0.5869572162628174,0.0,0.41304275393486023
TCGA-BR-A4PE-01Z-00-DX1.9C427636-8A7E-4D4E-9773-5C5D9D0C617C,0,1,tbp,-1,8,7,4,False,none,none,16.0,4.0,8,-1,100,True,four_pt,57724.0,0.0,0.9120917320251465,1.0,0.08790828287601471
TCGA-BR-A4QI-01Z-00-DX1.68312256-CBC5-4350-B4AD-A5990948BCB8,0,1,tbp,-1,8,7,4,False,none,none,16.0,4.0,8,-1,100,True,four_pt,45772.0,0.0,0.8903533816337585,1.0,0.10964656621217728
TCGA-CD-5798-01Z-00-DX1.e90ed362-86fc-4938-ac48-e98eef081342,0,1,tbp,-1,8,7,4,False,none,none,16.0,4.0,8,-1,100,True,four_pt,51172.0,0.0,0.939821720123291,1.0,0.060178302228450775
TCGA-CD-5799-01Z-00-DX1.ce4c1cea-febc-4274-af53-e7853dcf8864,0,1,tbp,-1,8,7,4,False,none,none,16.0,4.0,8,-1,100,True,four_pt,35216.0,0.0,0.9772469997406006,1.0,0.02275298349559307
TCGA-CD-5800-01Z-00-DX1.a384bb17-10bd-46af-bf64-442b3c6c0c05,0,1,tbp,-1,8,7,4,False,none,none,16.0,4.0,8,-1,100,True,four_pt,38935.0,0.0,0.9542304873466492,1.0,0.04576951637864113
TCGA-CD-5801-01Z-00-DX1.2afa1c89-0f17-4f75-9cf0-2cde4aca97d0,0,1,tbp,-1,8,7,4,False,none,none,16.0,4.0,8,-1,100,True,four_pt,47243.0,0.0,0.6689200401306152,1.0,0.33107995986938477
TCGA-CD-5803-01Z-00-DX1.8d786276-18f5-4017-ba30-79e46b2da513,0,1,tbp,-1,8,7,4,False,none,none,16.0,4.0,8,-1,100,True,four_pt,39646.0,0.0,0.8992767333984375,1.0,0.10072323679924011
TCGA-CD-5804-01Z-00-DX1.c5c22749-71dc-4812-84ba-2ef6f5a1463d,0,1,tbp,-1,8,7,4,False,none,none,16.0,4.0,8,-1,100,True,four_pt,62595.0,0.0,0.8674224019050598,1.0,0.13257762789726257
TCGA-CD-8524-01Z-00-DX1.DECAC3E1-31F4-4D7E-9ABD-8E0CF27DB4B9,0,1,tbp,-1,8,7,4,False,none,none,16.0,4.0,8,-1,100,True,four_pt,40950.0,0.0,0.7181899547576904,1.0,0.2818100154399872
TCGA-CD-8526-01Z-00-DX1.499C498B-2D4E-4285-AD07-162788E87579,0,1,tbp,-1,8,7,4,False,none,none,16.0,4.0,8,-1,100,True,four_pt,31943.0,0.0,0.6692375540733337,1.0,0.33076241612434387
TCGA-CD-8528-01Z-00-DX1.DE29BA05-ABCB-44B4-8CD9-D10EB3D71FBB,0,1,tbp,-1,8,7,4,False,none,none,16.0,4.0,8,-1,100,True,four_pt,36882.0,0.0,0.6321450471878052,1.0,0.3678549826145172
TCGA-CD-8529-01Z-00-DX1.C3BA5482-04EB-4E1A-BFFA-5461489B5792,0,1,tbp,-1,8,7,4,False,none,none,16.0,4.0,8,-1,100,True,four_pt,40259.0,0.0,0.8706964254379272,1.0,0.12930357456207275
TCGA-CD-8530-01Z-00-DX1.87CBC202-AE6C-408D-A428-DA9023670C36,0,1,tbp,-1,8,7,4,False,none,none,16.0,4.0,8,-1,100,True,four_pt,58080.0,0.0,0.956358015537262,1.0,0.04364202916622162
TCGA-CD-8531-01Z-00-DX1.9F247853-F16C-4B5A-AB37-E781331EAB1B,0,1,tbp,-1,8,7,4,False,none,none,16.0,4.0,8,-1,100,True,four_pt,36667.0,1.0,0.53183913230896,0.0,0.46816083788871765
TCGA-CD-8532-01Z-00-DX1.13868263-2259-4D74-8263-A79338BDE5A7,0,1,tbp,-1,8,7,4,False,none,none,16.0,4.0,8,-1,100,True,four_pt,42066.0,0.0,0.8324629068374634,1.0,0.16753706336021423
TCGA-CD-8534-01Z-00-DX1.54F0CB0F-5A93-4382-A507-2DEFDBBE05F5,0,1,tbp,-1,8,7,4,False,none,none,16.0,4.0,8,-1,100,True,four_pt,24841.0,0.0,0.7872751951217651,1.0,0.21272480487823486
TCGA-CD-8535-01Z-00-DX1.ADD3D8B1-FECB-46C1-940B-7D261723D850,0,1,tbp,-1,8,7,4,False,none,none,16.0,4.0,8,-1,100,True,four_pt,34806.0,0.0,0.6216241717338562,1.0,0.3783757984638214
TCGA-CD-8536-01Z-00-DX1.365BF36B-69D3-491A-8126-D08060950CF2,1,1,tbp,-1,8,7,4,False,none,none,16.0,4.0,8,-1,100,True,four_pt,33533.0,0.0,0.5588734149932861,1.0,0.44112658500671387
TCGA-CD-A486-01Z-00-DX1.6FFE81CA-9074-44BC-B619-85A73BA61A2D,0,1,tbp,-1,8,7,4,False,none,none,16.0,4.0,8,-1,100,True,four_pt,36831.0,0.0,0.9013696312904358,1.0,0.0986303761601448
TCGA-CD-A487-01Z-00-DX1.A026BD2F-B721-4340-83D5-7AA39227C90F,0,1,tbp,-1,8,7,4,False,none,none,16.0,4.0,8,-1,100,True,four_pt,61976.0,0.0,0.9137964844703674,1.0,0.08620348572731018
TCGA-CD-A489-01Z-00-DX1.AB03DA27-6A86-41C7-9305-E5400E6C47AC,0,1,tbp,-1,8,7,4,False,none,none,16.0,4.0,8,-1,100,True,four_pt,30412.0,0.0,0.9332095980644226,1.0,0.06679035723209381
TCGA-CD-A48A-01Z-00-DX1.C4416A6F-38A6-4743-990A-CE27923A2067,0,1,tbp,-1,8,7,4,False,none,none,16.0,4.0,8,-1,100,True,four_pt,38608.0,0.0,0.6788237690925598,1.0,0.3211762309074402
TCGA-CD-A48C-01Z-00-DX1.2AF2A65B-6F81-43F5-AC0F-06EAE3C567F3,0,1,tbp,-1,8,7,4,False,none,none,16.0,4.0,8,-1,100,True,four_pt,33744.0,0.0,0.8302267789840698,1.0,0.16977326571941376
TCGA-CD-A4MG-01Z-00-DX1.CFC4618E-DFE9-4AAA-AD42-E1CC97374020,1,1,tbp,-1,8,7,4,False,none,none,16.0,4.0,8,-1,100,True,four_pt,37110.0,0.0,0.7423394322395325,1.0,0.2576605975627899
TCGA-CD-A4MH-01Z-00-DX1.5594817C-6E68-4D29-8B77-5133C321FB75,0,1,tbp,-1,8,7,4,False,none,none,16.0,4.0,8,-1,100,True,four_pt,31954.0,0.0,0.8674194812774658,1.0,0.13258051872253418
TCGA-CD-A4MI-01Z-00-DX1.67267177-498C-4835-A95A-FF8C2A9DDB97,1,1,tbp,-1,8,7,4,False,none,none,16.0,4.0,8,-1,100,True,four_pt,40710.0,0.0,0.7489973306655884,1.0,0.2510027289390564
TCGA-CD-A4MJ-01Z-00-DX1.0F0094F7-0D4D-484E-B31D-FDCDE8BC1440,1,1,tbp,-1,8,7,4,False,none,none,16.0,4.0,8,-1,100,True,four_pt,43771.0,1.0,0.582539975643158,0.0,0.41745999455451965
TCGA-CG-4304-01Z-00-DX1.65e18165-6009-4820-bed2-23c43baa2495,0,1,tbp,-1,8,7,4,False,none,none,16.0,4.0,8,-1,100,True,four_pt,36361.0,0.0,0.7032054662704468,1.0,0.2967945337295532
TCGA-CG-4305-01Z-00-DX1.65167641-c270-4763-8bb8-cadedb17279d,1,1,tbp,-1,8,7,4,False,none,none,16.0,4.0,8,-1,100,True,four_pt,14958.0,0.0,0.5606399774551392,1.0,0.43935999274253845
TCGA-CG-4306-01Z-00-DX1.d4b89854-8529-4fb5-847a-ddb59b163727,1,1,tbp,-1,8,7,4,False,none,none,16.0,4.0,8,-1,100,True,four_pt,19649.0,0.0,0.5017141103744507,1.0,0.49828583002090454
TCGA-CG-4436-01Z-00-DX1.55b155a9-066b-42cc-b834-b11c68256852,0,1,tbp,-1,8,7,4,False,none,none,16.0,4.0,8,-1,100,True,four_pt,15811.0,1.0,0.5064311027526855,0.0,0.49356889724731445
TCGA-CG-4437-01Z-00-DX1.3FB7BF81-9E9A-4864-9627-0865486C07A0,0,1,tbp,-1,8,7,4,False,none,none,16.0,4.0,8,-1,100,True,four_pt,371.0,0.0,0.8174533843994141,1.0,0.18254657089710236
TCGA-CG-4438-01Z-00-DX1.3691c587-cadf-4523-a332-5a18f52c94b0,0,1,tbp,-1,8,7,4,False,none,none,16.0,4.0,8,-1,100,True,four_pt,10893.0,0.0,0.7825164198875427,1.0,0.21748359501361847
TCGA-CG-4440-01Z-00-DX1.297add71-f47a-47fa-b472-1a06cc9541ec,0,1,tbp,-1,8,7,4,False,none,none,16.0,4.0,8,-1,100,True,four_pt,13573.0,0.0,0.662931501865387,1.0,0.3370685279369354
TCGA-CG-4441-01Z-00-DX1.0e2867aa-9b2d-4539-b218-a1a318361dfc,0,1,tbp,-1,8,7,4,False,none,none,16.0,4.0,8,-1,100,True,four_pt,6088.0,1.0,0.6315834522247314,0.0,0.36841654777526855
TCGA-CG-4442-01Z-00-DX1.3273280a-8780-4e91-bb5e-97d174989183,1,1,tbp,-1,8,7,4,False,none,none,16.0,4.0,8,-1,100,True,four_pt,10006.0,1.0,0.5781054496765137,0.0,0.4218946099281311
TCGA-CG-4443-01Z-00-DX1.484defba-273b-4683-9c32-883f3da8ba5f,0,1,tbp,-1,8,7,4,False,none,none,16.0,4.0,8,-1,100,True,four_pt,10047.0,0.0,0.9065731763839722,1.0,0.09342676401138306
TCGA-CG-4444-01Z-00-DX1.2f966933-a92c-4888-853c-2f8ca195120e,0,1,tbp,-1,8,7,4,False,none,none,16.0,4.0,8,-1,100,True,four_pt,7313.0,0.0,0.6454491019248962,1.0,0.354550838470459
TCGA-CG-4449-01Z-00-DX1.87ab158b-0699-4b22-9d51-58abd1033245,0,1,tbp,-1,8,7,4,False,none,none,16.0,4.0,8,-1,100,True,four_pt,8031.0,0.0,0.743865966796875,1.0,0.2561339735984802
TCGA-CG-4465-01Z-00-DX1.94a5e10c-2d21-4b3d-84d2-3b74d17ad088,1,1,tbp,-1,8,7,4,False,none,none,16.0,4.0,8,-1,100,True,four_pt,28737.0,0.0,0.5177082419395447,1.0,0.4822917878627777
TCGA-CG-4466-01Z-00-DX1.cddbdb00-0856-471e-82f5-911e0416467e,0,1,tbp,-1,8,7,4,False,none,none,16.0,4.0,8,-1,100,True,four_pt,19058.0,0.0,0.5312213897705078,1.0,0.4687786102294922
TCGA-CG-4475-01Z-00-DX1.7a6c4b16-baea-4820-b91e-c9b1c2945faf,0,1,tbp,-1,8,7,4,False,none,none,16.0,4.0,8,-1,100,True,four_pt,10479.0,0.0,0.8319101929664612,1.0,0.1680898368358612
TCGA-CG-4476-01Z-00-DX1.04f422f3-317a-41a9-af82-3ff43d823b6f,0,1,tbp,-1,8,7,4,False,none,none,16.0,4.0,8,-1,100,True,four_pt,15442.0,0.0,0.8384490609169006,1.0,0.16155093908309937
TCGA-CG-4477-01Z-00-DX1.298d0c11-7e95-4c72-8446-a2cd5a87667f,0,1,tbp,-1,8,7,4,False,none,none,16.0,4.0,8,-1,100,True,four_pt,15590.0,0.0,0.6026333570480347,1.0,0.3973666727542877
TCGA-CG-5718-01Z-00-DX1.4BA9B20E-9555-4993-9B55-9E5A9C5C3905,0,1,tbp,-1,8,7,4,False,none,none,16.0,4.0,8,-1,100,True,four_pt,916.0,0.0,0.5336551666259766,1.0,0.4663448631763458
TCGA-CG-5719-01Z-00-DX1.8E669F41-406C-4AB4-8B73-A079D6690537,0,1,tbp,-1,8,7,4,False,none,none,16.0,4.0,8,-1,100,True,four_pt,829.0,1.0,0.5816803574562073,0.0,0.4183196425437927
TCGA-CG-5720-01Z-00-DX1.934A284B-B33A-4C76-B423-2110012B7178,0,1,tbp,-1,8,7,4,False,none,none,16.0,4.0,8,-1,100,True,four_pt,1107.0,0.0,0.5709001421928406,1.0,0.4290998578071594
TCGA-CG-5721-01Z-00-DX1.F4E6AF45-0B1D-499E-AE95-6AFC9344F731,1,1,tbp,-1,8,7,4,False,none,none,16.0,4.0,8,-1,100,True,four_pt,514.0,1.0,0.579292893409729,0.0,0.4207070767879486
TCGA-CG-5723-01Z-00-DX1.A0FB6EFA-304F-4267-8C6E-D9E750F67FDC,1,1,tbp,-1,8,7,4,False,none,none,16.0,4.0,8,-1,100,True,four_pt,600.0,1.0,0.5987309217453003,0.0,0.4012690484523773
TCGA-CG-5724-01Z-00-DX1.89B75EBF-BF6E-418F-8FA7-F564055EE6DA,0,1,tbp,-1,8,7,4,False,none,none,16.0,4.0,8,-1,100,True,four_pt,565.0,0.0,0.5596375465393066,1.0,0.44036245346069336
TCGA-CG-5726-01Z-00-DX1.AF4BAEE4-45CE-453F-B4B9-8373A5909315,1,1,tbp,-1,8,7,4,False,none,none,16.0,4.0,8,-1,100,True,four_pt,944.0,0.0,0.5425769686698914,1.0,0.45742303133010864
TCGA-CG-5732-01Z-00-DX1.56EE8B97-4D88-4EA1-9EC9-B1A9F79C35D5,0,1,tbp,-1,8,7,4,False,none,none,16.0,4.0,8,-1,100,True,four_pt,851.0,0.0,0.5223023295402527,1.0,0.4776976406574249
TCGA-CG-5734-01Z-00-DX1.52E92249-B566-48B3-8D54-71B945A8C0AB,0,1,tbp,-1,8,7,4,False,none,none,16.0,4.0,8,-1,100,True,four_pt,913.0,0.0,0.6644622683525085,1.0,0.33553776144981384
TCGA-D7-5577-01Z-00-DX2.FFE2889A-1E01-4D57-9B81-671465A1FB21,0,1,tbp,-1,8,7,4,False,none,none,16.0,4.0,8,-1,100,True,four_pt,51197.0,0.0,0.9643643498420715,1.0,0.035635676234960556
TCGA-D7-5577-01Z-00-DX1.e9ca39a5-7c5c-4e43-ac89-8652f44b08bb,0,1,tbp,-1,8,7,4,False,none,none,16.0,4.0,8,-1,100,True,four_pt,92578.0,0.0,0.9780684113502502,1.0,0.021931637078523636
TCGA-D7-5578-01Z-00-DX2.715B0263-C855-4C4F-8A53-16B0CA9432C8,0,1,tbp,-1,8,7,4,False,none,none,16.0,4.0,8,-1,100,True,four_pt,75146.0,0.0,0.981423020362854,1.0,0.018577001988887787
TCGA-D7-5578-01Z-00-DX1.8216cb00-cc28-4872-aef7-3b9c18e16117,0,1,tbp,-1,8,7,4,False,none,none,16.0,4.0,8,-1,100,True,four_pt,118511.0,0.0,0.9790536165237427,1.0,0.02094639651477337
TCGA-D7-6518-01Z-00-DX2.8CA8FC09-10AD-4931-861A-25CBCAE9D488,0,1,tbp,-1,8,7,4,False,none,none,16.0,4.0,8,-1,100,True,four_pt,92235.0,0.0,0.9893073439598083,1.0,0.010692617855966091
TCGA-D7-6518-01Z-00-DX1.227f4361-7393-4276-801a-a395617a15e4,0,1,tbp,-1,8,7,4,False,none,none,16.0,4.0,8,-1,100,True,four_pt,50861.0,0.0,0.9904981255531311,1.0,0.009501800872385502
TCGA-D7-6519-01Z-00-DX2.D42BA621-1099-4C4F-B691-B124F871A1CB,0,1,tbp,-1,8,7,4,False,none,none,16.0,4.0,8,-1,100,True,four_pt,59888.0,0.0,0.9035239219665527,1.0,0.09647606313228607
TCGA-D7-6519-01Z-00-DX1.5f7dcb29-030f-4011-affe-47dab4b9da03,0,1,tbp,-1,8,7,4,False,none,none,16.0,4.0,8,-1,100,True,four_pt,63618.0,0.0,0.9733782410621643,1.0,0.02662167325615883
TCGA-D7-6520-01Z-00-DX2.60B9C76F-93F5-461E-84F5-C3A3734E5D3C,0,1,tbp,-1,8,7,4,False,none,none,16.0,4.0,8,-1,100,True,four_pt,65527.0,0.0,0.9517140984535217,1.0,0.0482858382165432
TCGA-D7-6520-01Z-00-DX1.c65fcb6d-72c1-44dc-a056-f54c9130e0cb,0,1,tbp,-1,8,7,4,False,none,none,16.0,4.0,8,-1,100,True,four_pt,57792.0,0.0,0.9759101867675781,1.0,0.024089757353067398
TCGA-D7-6521-01Z-00-DX1.928f6bc8-8283-4195-9cd7-6d6eb72bb68b,0,1,tbp,-1,8,7,4,False,none,none,16.0,4.0,8,-1,100,True,four_pt,34377.0,0.0,0.9913960099220276,1.0,0.008604045957326889
TCGA-D7-6521-01Z-00-DX2.3742698F-7643-4A73-8524-A46EEFFCD761,0,1,tbp,-1,8,7,4,False,none,none,16.0,4.0,8,-1,100,True,four_pt,44263.0,0.0,0.9825974106788635,1.0,0.017402634024620056
TCGA-D7-6522-01Z-00-DX1.037aabb6-3546-44d4-991f-d7c5461b83f6,0,1,tbp,-1,8,7,4,False,none,none,16.0,4.0,8,-1,100,True,four_pt,33194.0,0.0,0.9437012076377869,1.0,0.05629878491163254
TCGA-D7-6522-01Z-00-DX2.0CEA0837-BBD6-4C5F-87D6-DA93E1DEDDC3,0,1,tbp,-1,8,7,4,False,none,none,16.0,4.0,8,-1,100,True,four_pt,37730.0,0.0,0.9743807911872864,1.0,0.025619205087423325
TCGA-D7-6524-01Z-00-DX2.6E8242FF-FAF3-4CAA-9CB2-CE0BC1D518C9,0,1,tbp,-1,8,7,4,False,none,none,16.0,4.0,8,-1,100,True,four_pt,137546.0,0.0,0.9768089652061462,1.0,0.023191016167402267
TCGA-D7-6524-01Z-00-DX1.ec1248f6-7d22-49c5-8300-673d25819e1d,0,1,tbp,-1,8,7,4,False,none,none,16.0,4.0,8,-1,100,True,four_pt,52239.0,0.0,0.9901456236839294,1.0,0.009854392148554325
TCGA-D7-6525-01Z-00-DX2.1784F199-7F06-45BB-892A-EFB9009275EB,0,1,tbp,-1,8,7,4,False,none,none,16.0,4.0,8,-1,100,True,four_pt,77360.0,0.0,0.9415503144264221,1.0,0.0584496445953846
TCGA-D7-6525-01Z-00-DX1.4c140df7-e1b6-4e10-bf13-0006484d6a4f,0,1,tbp,-1,8,7,4,False,none,none,16.0,4.0,8,-1,100,True,four_pt,76156.0,0.0,0.962760329246521,1.0,0.037239596247673035
TCGA-D7-6526-01Z-00-DX2.8846E328-5343-4A95-A77D-3827F443A989,0,1,tbp,-1,8,7,4,False,none,none,16.0,4.0,8,-1,100,True,four_pt,64391.0,0.0,0.9197440147399902,1.0,0.08025600761175156
TCGA-D7-6526-01Z-00-DX1.d954acfe-8efc-4ab7-965b-edc8c3afdfc6,0,1,tbp,-1,8,7,4,False,none,none,16.0,4.0,8,-1,100,True,four_pt,55633.0,0.0,0.9650676250457764,1.0,0.034932345151901245
TCGA-D7-6527-01Z-00-DX2.AC6B9D7B-E289-449C-934B-E15BD593CED4,0,1,tbp,-1,8,7,4,False,none,none,16.0,4.0,8,-1,100,True,four_pt,68355.0,0.0,0.937130331993103,1.0,0.06286968290805817
TCGA-D7-6527-01Z-00-DX1.3149a5ed-2ed0-4ce7-912b-e67bb1c33e8f,0,1,tbp,-1,8,7,4,False,none,none,16.0,4.0,8,-1,100,True,four_pt,65341.0,0.0,0.9618645310401917,1.0,0.03813546523451805
TCGA-D7-6528-01Z-00-DX1.3c2ec0f4-9b8f-45c5-920d-5afe55890219,0,1,tbp,-1,8,7,4,False,none,none,16.0,4.0,8,-1,100,True,four_pt,49522.0,0.0,0.9795127511024475,1.0,0.020487291738390923
TCGA-D7-6528-01Z-00-DX2.8159A49E-A9A0-4AA8-83AA-96E49D1DB8C4,0,1,tbp,-1,8,7,4,False,none,none,16.0,4.0,8,-1,100,True,four_pt,57588.0,0.0,0.9292210340499878,1.0,0.07077893614768982
TCGA-D7-6815-01Z-00-DX1.518E266F-0FF6-4768-85C6-19D77935A537,0,1,tbp,-1,8,7,4,False,none,none,16.0,4.0,8,-1,100,True,four_pt,91574.0,0.0,0.9040378332138062,1.0,0.09596213698387146
TCGA-D7-6817-01Z-00-DX1.c1c7e7bb-2811-4034-8da8-af527377a711,0,1,tbp,-1,8,7,4,False,none,none,16.0,4.0,8,-1,100,True,four_pt,11024.0,0.0,0.750754177570343,1.0,0.24924585223197937
TCGA-D7-6817-01Z-00-DX2.725AB42B-1396-48E6-B37A-62955F72DD0F,0,1,tbp,-1,8,7,4,False,none,none,16.0,4.0,8,-1,100,True,four_pt,63882.0,0.0,0.9802271127700806,1.0,0.01977294683456421
TCGA-D7-6818-01Z-00-DX2.3D150EDC-0246-4CEA-8EFF-5811EA8ADA09,0,1,tbp,-1,8,7,4,False,none,none,16.0,4.0,8,-1,100,True,four_pt,77448.0,0.0,0.933872640132904,1.0,0.06612741947174072
TCGA-D7-6818-01Z-00-DX1.c0709e0a-3e53-431b-a1e3-259ad84497f6,0,1,tbp,-1,8,7,4,False,none,none,16.0,4.0,8,-1,100,True,four_pt,20061.0,0.0,0.9252308011054993,1.0,0.07476917654275894
TCGA-D7-6820-01Z-00-DX1.fe70ad91-42dc-470a-af2f-ba2e601084de,0,1,tbp,-1,8,7,4,False,none,none,16.0,4.0,8,-1,100,True,four_pt,12718.0,0.0,0.96186763048172,1.0,0.038132425397634506
TCGA-D7-6820-01Z-00-DX2.8847C420-5C25-4716-B467-1CD2687F4484,0,1,tbp,-1,8,7,4,False,none,none,16.0,4.0,8,-1,100,True,four_pt,48965.0,0.0,0.6992915868759155,1.0,0.3007084131240845
TCGA-D7-6822-01Z-00-DX2.4085F597-DD0C-4793-9586-CCC73382986B,0,1,tbp,-1,8,7,4,False,none,none,16.0,4.0,8,-1,100,True,four_pt,66155.0,0.0,0.682524561882019,1.0,0.31747546792030334
TCGA-D7-6822-01Z-00-DX1.b583410e-fb5b-4a57-8215-eb7eeee3645d,0,1,tbp,-1,8,7,4,False,none,none,16.0,4.0,8,-1,100,True,four_pt,13881.0,0.0,0.9300085306167603,1.0,0.06999146938323975
TCGA-D7-8570-01Z-00-DX2.7447681C-7F88-43F4-BA7E-655DDA02ACDE,0,1,tbp,-1,8,7,4,False,none,none,16.0,4.0,8,-1,100,True,four_pt,53596.0,0.0,0.7778887748718262,1.0,0.22211124002933502
TCGA-D7-8570-01Z-00-DX1.0B435CEF-B653-4D10-B2BD-6F9576C94389,0,1,tbp,-1,8,7,4,False,none,none,16.0,4.0,8,-1,100,True,four_pt,20353.0,0.0,0.8795836567878723,1.0,0.12041633576154709
TCGA-D7-8572-01Z-00-DX1.E7F9367F-14C4-4561-934D-AE7A778CD13C,0,1,tbp,-1,8,7,4,False,none,none,16.0,4.0,8,-1,100,True,four_pt,24449.0,0.0,0.8760402798652649,1.0,0.12395967543125153
TCGA-D7-8572-01Z-00-DX2.13383FD3-B864-4578-8832-56EA1916FA86,0,1,tbp,-1,8,7,4,False,none,none,16.0,4.0,8,-1,100,True,four_pt,40762.0,0.0,0.6003627181053162,1.0,0.3996373116970062
TCGA-D7-8573-01Z-00-DX1.8A579441-BC90-4CAB-8199-15580DA5ED87,0,1,tbp,-1,8,7,4,False,none,none,16.0,4.0,8,-1,100,True,four_pt,74222.0,0.0,0.9280800223350525,1.0,0.07191994786262512
TCGA-D7-8573-01Z-00-DX2.703306C5-7D46-4E3C-833F-22D1FEF7C6F6,0,1,tbp,-1,8,7,4,False,none,none,16.0,4.0,8,-1,100,True,four_pt,64359.0,0.0,0.6536489725112915,1.0,0.3463510572910309
TCGA-D7-8574-01Z-00-DX2.0824C6C7-B086-4D9B-94B4-FC1A49805700,0,1,tbp,-1,8,7,4,False,none,none,16.0,4.0,8,-1,100,True,four_pt,33506.0,0.0,0.9392457008361816,1.0,0.06075425446033478
TCGA-D7-8574-01Z-00-DX1.72155AB8-7B77-46D1-85B0-EACABCD25EF2,0,1,tbp,-1,8,7,4,False,none,none,16.0,4.0,8,-1,100,True,four_pt,56041.0,0.0,0.985858142375946,1.0,0.014141873456537724
TCGA-D7-8575-01Z-00-DX1.11006AF4-D0CD-46DF-909A-29E345191C4C,0,1,tbp,-1,8,7,4,False,none,none,16.0,4.0,8,-1,100,True,four_pt,58424.0,0.0,0.9826003909111023,1.0,0.017399542033672333
TCGA-D7-8575-01Z-00-DX2.7505FB70-2931-459B-B23A-4D24B080E383,0,1,tbp,-1,8,7,4,False,none,none,16.0,4.0,8,-1,100,True,four_pt,67484.0,0.0,0.9088186621665955,1.0,0.09118133038282394
TCGA-D7-8578-01Z-00-DX2.D71657BE-72D0-4EEC-89D3-E83934A0F919,0,1,tbp,-1,8,7,4,False,none,none,16.0,4.0,8,-1,100,True,four_pt,62925.0,0.0,0.9787240028381348,1.0,0.021276049315929413
TCGA-D7-8578-01Z-00-DX1.902BBFC1-2456-4718-9A5E-2FD9AE47AF44,0,1,tbp,-1,8,7,4,False,none,none,16.0,4.0,8,-1,100,True,four_pt,38831.0,0.0,0.9738956093788147,1.0,0.026104362681508064
TCGA-D7-8579-01Z-00-DX2.9D40DCA2-2711-426C-B5DD-3D897975F4BF,0,1,tbp,-1,8,7,4,False,none,none,16.0,4.0,8,-1,100,True,four_pt,60957.0,0.0,0.9796636700630188,1.0,0.02033635787665844
TCGA-D7-8579-01Z-00-DX1.BFA005CC-E2B4-4A36-9C84-5F51F0526856,0,1,tbp,-1,8,7,4,False,none,none,16.0,4.0,8,-1,100,True,four_pt,55025.0,0.0,0.9736373424530029,1.0,0.02636270970106125
TCGA-D7-A4YT-01Z-00-DX1.645AF39D-1B70-4C46-AB80-7B532994EE66,0,1,tbp,-1,8,7,4,False,none,none,16.0,4.0,8,-1,100,True,four_pt,43987.0,0.0,0.8697175979614258,1.0,0.1302824318408966
TCGA-D7-A4YU-01Z-00-DX1.42DF1586-BD02-4482-AEAF-8F2C1BBB1C20,0,1,tbp,-1,8,7,4,False,none,none,16.0,4.0,8,-1,100,True,four_pt,66746.0,0.0,0.9648534655570984,1.0,0.03514653816819191
TCGA-D7-A4YV-01Z-00-DX1.55DFBF47-1A3B-428F-9AC4-8814F557FF1E,1,1,tbp,-1,8,7,4,False,none,none,16.0,4.0,8,-1,100,True,four_pt,59734.0,0.0,0.822904109954834,1.0,0.1770959049463272
TCGA-D7-A4YX-01Z-00-DX1.54DE426E-7EC0-4FF4-919F-045E38B3C34E,0,1,tbp,-1,8,7,4,False,none,none,16.0,4.0,8,-1,100,True,four_pt,56555.0,0.0,0.8352704644203186,1.0,0.16472958028316498
TCGA-D7-A4Z0-01Z-00-DX1.3D9BDA76-6884-4012-AB91-C374F32B58FB,0,1,tbp,-1,8,7,4,False,none,none,16.0,4.0,8,-1,100,True,four_pt,77476.0,0.0,0.9882340431213379,1.0,0.011765927076339722
TCGA-D7-A6EV-01Z-00-DX1.98BA866B-19A6-4ECF-B51E-F811F5EFA8CC,0,1,tbp,-1,8,7,4,False,none,none,16.0,4.0,8,-1,100,True,four_pt,38255.0,0.0,0.9396404027938843,1.0,0.06035962328314781
TCGA-D7-A6EY-01Z-00-DX1.7E101F3B-8923-4554-AA48-C2493D0F46C0,1,1,tbp,-1,8,7,4,False,none,none,16.0,4.0,8,-1,100,True,four_pt,67583.0,0.0,0.6303083896636963,1.0,0.3696915805339813
TCGA-D7-A6EZ-01Z-00-DX1.BF91B810-86FD-4675-85A0-15DC9CF2195F,0,1,tbp,-1,8,7,4,False,none,none,16.0,4.0,8,-1,100,True,four_pt,60851.0,0.0,0.8875672817230225,1.0,0.11243270337581635
TCGA-D7-A6F2-01Z-00-DX1.31D8B3CD-7F63-474F-9B1B-E884C4CA9C61,0,1,tbp,-1,8,7,4,False,none,none,16.0,4.0,8,-1,100,True,four_pt,51269.0,0.0,0.9259479641914368,1.0,0.07405205070972443
TCGA-D7-A74A-01Z-00-DX1.ED9A8AA2-7D69-462C-8544-587783F15DB5,0,1,tbp,-1,8,7,4,False,none,none,16.0,4.0,8,-1,100,True,four_pt,31241.0,0.0,0.959396481513977,1.0,0.040603552013635635
TCGA-EQ-A4SO-01Z-00-DX1.9A41602A-AAAE-4522-9DAB-73CF25FB8756,0,1,tbp,-1,8,7,4,False,none,none,16.0,4.0,8,-1,100,True,four_pt,23848.0,1.0,0.535420298576355,0.0,0.46457964181900024
TCGA-F1-6874-01Z-00-DX1.3dfb0e10-3650-4c05-a27b-866fb6a304ff,1,1,tbp,-1,8,7,4,False,none,none,16.0,4.0,8,-1,100,True,four_pt,52019.0,0.0,0.6658597588539124,1.0,0.33414027094841003
TCGA-F1-6875-01Z-00-DX1.F9E009FF-3213-4CCC-9075-C04B1E62A524,0,1,tbp,-1,8,7,4,False,none,none,16.0,4.0,8,-1,100,True,four_pt,5691.0,0.0,0.9257907867431641,1.0,0.07420922070741653
TCGA-F1-A448-01Z-00-DX1.FAEC839E-048D-4A33-9159-DECAEEA21777,1,1,tbp,-1,8,7,4,False,none,none,16.0,4.0,8,-1,100,True,four_pt,63775.0,0.0,0.6854835152626038,1.0,0.31451645493507385
TCGA-F1-A72C-01Z-00-DX1.9E02D497-97BD-401C-AFA1-AC2CFE3E8592,0,1,tbp,-1,8,7,4,False,none,none,16.0,4.0,8,-1,100,True,four_pt,31321.0,0.0,0.8121356964111328,1.0,0.18786434829235077
TCGA-FP-7735-01Z-00-DX1.97aac46a-898e-4c43-8c93-1496f40c43ed,0,1,tbp,-1,8,7,4,False,none,none,16.0,4.0,8,-1,100,True,four_pt,8282.0,0.0,0.9579181671142578,1.0,0.042081885039806366
TCGA-FP-7829-01Z-00-DX1.22253191-e487-46f6-b743-d7c44ad01f4c,0,1,tbp,-1,8,7,4,False,none,none,16.0,4.0,8,-1,100,True,four_pt,8734.0,0.0,0.7361932992935181,1.0,0.2638067305088043
TCGA-FP-7916-01Z-00-DX1.6264d8c6-0ddb-4905-ad0c-146e380ddee1,0,1,tbp,-1,8,7,4,False,none,none,16.0,4.0,8,-1,100,True,four_pt,9118.0,0.0,0.953087568283081,1.0,0.04691240191459656
TCGA-FP-7998-01Z-00-DX1.9f24585a-d609-4094-8170-b0f483606a18,0,1,tbp,-1,8,7,4,False,none,none,16.0,4.0,8,-1,100,True,four_pt,6467.0,0.0,0.8665343523025513,1.0,0.13346567749977112
TCGA-FP-8099-01Z-00-DX1.82948449-f540-49f2-a99a-d66da5eaaf4e,0,1,tbp,-1,8,7,4,False,none,none,16.0,4.0,8,-1,100,True,four_pt,4413.0,0.0,0.9843414425849915,1.0,0.01565852388739586
TCGA-FP-8209-01Z-00-DX1.a5e13081-1631-44d4-8d6a-c229a22c2311,0,1,tbp,-1,8,7,4,False,none,none,16.0,4.0,8,-1,100,True,four_pt,12026.0,0.0,0.9849197864532471,1.0,0.015080262906849384
TCGA-FP-8210-01Z-00-DX1.0ef0fd3f-5968-48ce-9e69-eaae83c29004,0,1,tbp,-1,8,7,4,False,none,none,16.0,4.0,8,-1,100,True,four_pt,10930.0,0.0,0.9733065366744995,1.0,0.02669350430369377
TCGA-FP-8211-01Z-00-DX1.3906261e-914c-4191-802c-f27f64840211,0,1,tbp,-1,8,7,4,False,none,none,16.0,4.0,8,-1,100,True,four_pt,11269.0,0.0,0.8680031299591064,1.0,0.13199682533740997
TCGA-FP-8631-01Z-00-DX1.8804336F-7DE6-4401-80B4-AEFA752C11B2,0,1,tbp,-1,8,7,4,False,none,none,16.0,4.0,8,-1,100,True,four_pt,14051.0,0.0,0.9793609976768494,1.0,0.02063896134495735
TCGA-FP-A4BF-01Z-00-DX1.D4E8128B-A783-45ED-BF0E-93650F9483EC,0,1,tbp,-1,8,7,4,False,none,none,16.0,4.0,8,-1,100,True,four_pt,32968.0,0.0,0.9892783761024475,1.0,0.01072159968316555
TCGA-FP-A8CX-01Z-00-DX1.AD598CBF-2E0F-4285-A2BB-E9CE0EE1873B,0,1,tbp,-1,8,7,4,False,none,none,16.0,4.0,8,-1,100,True,four_pt,1634.0,0.0,0.9104012250900269,1.0,0.08959876000881195
TCGA-FP-A9TM-01Z-00-DX1.1BD7C378-9FDD-46F0-B546-BB255079AFAA,0,1,tbp,-1,8,7,4,False,none,none,16.0,4.0,8,-1,100,True,four_pt,3369.0,0.0,0.923920214176178,1.0,0.07607977092266083
TCGA-HF-7132-01Z-00-DX1.AD1CA78F-2AAA-41F2-93CE-6DF2AD60ED1A,1,1,tbp,-1,8,7,4,False,none,none,16.0,4.0,8,-1,100,True,four_pt,4280.0,1.0,0.5732419490814209,0.0,0.4267580807209015
TCGA-HF-7133-01Z-00-DX1.4F84AAFA-47F2-46AB-9F85-1129D441A9C0,0,1,tbp,-1,8,7,4,False,none,none,16.0,4.0,8,-1,100,True,four_pt,6850.0,0.0,0.7902761101722717,1.0,0.2097238451242447
TCGA-HF-7136-01Z-00-DX1.F8C07BE3-06C7-4202-97C6-10B81D322A16,0,1,tbp,-1,8,7,4,False,none,none,16.0,4.0,8,-1,100,True,four_pt,7293.0,1.0,0.5024556517601013,0.0,0.4975443482398987
TCGA-HF-A5NB-01Z-00-DX1.CA67064B-3281-4144-A2A2-E0BC43E6F8D6,1,1,tbp,-1,8,7,4,False,none,none,16.0,4.0,8,-1,100,True,four_pt,3570.0,1.0,0.5872918367385864,0.0,0.4127081334590912
TCGA-HU-8249-01Z-00-DX1.6579F0D5-6A05-49A3-9B30-68059599EADE,0,1,tbp,-1,8,7,4,False,none,none,16.0,4.0,8,-1,100,True,four_pt,15264.0,0.0,0.8151131272315979,1.0,0.18488682806491852
TCGA-HU-8604-01Z-00-DX1.F358D894-D9C4-49BF-8B9F-F80DA11BBC5A,0,1,tbp,-1,8,7,4,False,none,none,16.0,4.0,8,-1,100,True,four_pt,15326.0,0.0,0.7384907007217407,1.0,0.26150932908058167
TCGA-HU-8608-01Z-00-DX1.F40770A6-9384-4381-B6AD-2C488915E73F,0,1,tbp,-1,8,7,4,False,none,none,16.0,4.0,8,-1,100,True,four_pt,19618.0,0.0,0.8709889650344849,1.0,0.12901097536087036
TCGA-HU-8610-01Z-00-DX1.4F873939-3950-4201-B5DE-20A04A6C9F0D,0,1,tbp,-1,8,7,4,False,none,none,16.0,4.0,8,-1,100,True,four_pt,1462.0,0.0,0.5920522212982178,1.0,0.4079477787017822
TCGA-HU-A4G2-01Z-00-DX1.3465DA31-CB55-4D7D-9897-34D2AD5497CB,0,1,tbp,-1,8,7,4,False,none,none,16.0,4.0,8,-1,100,True,four_pt,27008.0,0.0,0.821415901184082,1.0,0.17858412861824036
TCGA-HU-A4G3-01Z-00-DX1.5D4EB0C7-8E14-41DC-AFF7-ECD43A89139B,0,1,tbp,-1,8,7,4,False,none,none,16.0,4.0,8,-1,100,True,four_pt,1964.0,0.0,0.7348901033401489,1.0,0.26510992646217346
TCGA-HU-A4G6-01Z-00-DX1.83F4504C-B632-4B15-9978-A007C2118563,0,1,tbp,-1,8,7,4,False,none,none,16.0,4.0,8,-1,100,True,four_pt,23244.0,0.0,0.8451349139213562,1.0,0.15486513078212738
TCGA-HU-A4G9-01Z-00-DX1.806F4C5A-D2F8-4457-B6F9-99B67105C676,1,1,tbp,-1,8,7,4,False,none,none,16.0,4.0,8,-1,100,True,four_pt,904.0,1.0,0.5646100640296936,0.0,0.435389906167984
TCGA-HU-A4GC-01Z-00-DX1.A4B077E3-E5D0-4120-9C72-87BDACF9AC14,0,1,tbp,-1,8,7,4,False,none,none,16.0,4.0,8,-1,100,True,four_pt,1659.0,0.0,0.9696033596992493,1.0,0.030396634712815285
TCGA-HU-A4GD-01Z-00-DX1.7CF261C2-D7FE-4D42-BC4B-BC86B7A802DB,0,1,tbp,-1,8,7,4,False,none,none,16.0,4.0,8,-1,100,True,four_pt,658.0,0.0,0.8210254907608032,1.0,0.17897449433803558
TCGA-HU-A4GF-01Z-00-DX1.2754343C-7875-42C4-B4E3-D2B8666B1E47,0,1,tbp,-1,8,7,4,False,none,none,16.0,4.0,8,-1,100,True,four_pt,2961.0,1.0,0.6098425984382629,0.0,0.39015740156173706
TCGA-HU-A4GH-01Z-00-DX1.0BACDE08-5613-428E-BDBE-F2D0D80FD0E4,0,1,tbp,-1,8,7,4,False,none,none,16.0,4.0,8,-1,100,True,four_pt,1398.0,1.0,0.5757432579994202,0.0,0.42425674200057983
TCGA-HU-A4GQ-01Z-00-DX1.699A0E57-FE02-4329-9826-3EFC2DECD408,1,1,tbp,-1,8,7,4,False,none,none,16.0,4.0,8,-1,100,True,four_pt,9884.0,1.0,0.5547096729278564,0.0,0.44529032707214355
TCGA-HU-A4GT-01Z-00-DX1.F4DD9EAC-8CB8-430A-BF7B-1D43C17FEF61,1,1,tbp,-1,8,7,4,False,none,none,16.0,4.0,8,-1,100,True,four_pt,8170.0,1.0,0.6814014315605164,0.0,0.31859850883483887
TCGA-HU-A4GU-01Z-00-DX1.3D4767B4-DDCB-4D80-A810-144427E73EDE,1,1,tbp,-1,8,7,4,False,none,none,16.0,4.0,8,-1,100,True,four_pt,4393.0,0.0,0.5257510542869568,1.0,0.4742489457130432
TCGA-HU-A4GX-01Z-00-DX1.0F1A15D3-2C6A-4F16-8D9D-CF44179AB161,1,1,tbp,-1,8,7,4,False,none,none,16.0,4.0,8,-1,100,True,four_pt,11165.0,1.0,0.5524500012397766,0.0,0.4475499987602234
TCGA-HU-A4GY-01Z-00-DX1.79A487FD-BA95-4051-8E4B-BE1502946F4F,0,1,tbp,-1,8,7,4,False,none,none,16.0,4.0,8,-1,100,True,four_pt,1541.0,0.0,0.9136354923248291,1.0,0.08636458218097687
TCGA-HU-A4H0-01Z-00-DX1.85BE7D40-ECB6-4450-B7B0-C65BE5495784,0,1,tbp,-1,8,7,4,False,none,none,16.0,4.0,8,-1,100,True,four_pt,30332.0,0.0,0.914504885673523,1.0,0.08549511432647705
TCGA-HU-A4H5-01Z-00-DX1.3A56E0D3-7813-4708-9A69-37D141533C2A,0,1,tbp,-1,8,7,4,False,none,none,16.0,4.0,8,-1,100,True,four_pt,17097.0,0.0,0.8762344121932983,1.0,0.12376562505960464
TCGA-HU-A4H6-01Z-00-DX1.0DD51B66-A983-44F4-9753-03ED9C606E77,0,1,tbp,-1,8,7,4,False,none,none,16.0,4.0,8,-1,100,True,four_pt,24093.0,0.0,0.9810183048248291,1.0,0.018981702625751495
TCGA-HU-A4H8-01Z-00-DX1.8FEBBDCF-4E6A-4D90-8DEA-5E1D031DD50A,1,1,tbp,-1,8,7,4,False,none,none,16.0,4.0,8,-1,100,True,four_pt,2997.0,1.0,0.5707677602767944,0.0,0.42923226952552795
TCGA-HU-A4HD-01Z-00-DX1.A6BA5209-C593-4B87-ADD0-65E05072294B,0,1,tbp,-1,8,7,4,False,none,none,16.0,4.0,8,-1,100,True,four_pt,3477.0,0.0,0.7862586975097656,1.0,0.21374131739139557
TCGA-IN-7806-01Z-00-DX1.2e7288fd-e149-4d4f-9d63-dd2e2f91d4f8,0,1,tbp,-1,8,7,4,False,none,none,16.0,4.0,8,-1,100,True,four_pt,81638.0,0.0,0.8844583630561829,1.0,0.11554167419672012
TCGA-IN-7808-01Z-00-DX1.0aacd7e2-1454-4aa4-866b-b142fa04e619,0,1,tbp,-1,8,7,4,False,none,none,16.0,4.0,8,-1,100,True,four_pt,108046.0,0.0,0.9047531485557556,1.0,0.0952468067407608
TCGA-IN-8663-01Z-00-DX1.39719DC6-1441-4E0F-BB5E-656CCDAC13D5,0,1,tbp,-1,8,7,4,False,none,none,16.0,4.0,8,-1,100,True,four_pt,84973.0,0.0,0.7947049140930176,1.0,0.20529502630233765
TCGA-IP-7968-01Z-00-DX1.0ECCB946-BE56-4E79-A3B1-571EA929D95A,0,1,tbp,-1,8,7,4,False,none,none,16.0,4.0,8,-1,100,True,four_pt,17448.0,0.0,0.698703408241272,1.0,0.3012966215610504
TCGA-KB-A6F7-01Z-00-DX1.9F7267C3-B50D-4366-9050-DE8E0EB708EA,0,1,tbp,-1,8,7,4,False,none,none,16.0,4.0,8,-1,100,True,four_pt,96190.0,0.0,0.8048421144485474,1.0,0.19515782594680786
TCGA-KB-A93J-01Z-00-DX1.CF87A80C-609E-4064-9C59-BD2A211A886A,0,1,tbp,-1,8,7,4,False,none,none,16.0,4.0,8,-1,100,True,four_pt,2393.0,1.0,0.5878341197967529,0.0,0.4121658504009247
TCGA-MX-A5UG-01Z-00-DX1.DEA1C553-B7E9-4663-A02B-51C31411C7C3,0,1,tbp,-1,8,7,4,False,none,none,16.0,4.0,8,-1,100,True,four_pt,2585.0,0.0,0.9177551865577698,1.0,0.08224484324455261
TCGA-MX-A5UJ-01Z-00-DX1.936F7641-740B-4246-BB2D-C8443501CF50,1,1,tbp,-1,8,7,4,False,none,none,16.0,4.0,8,-1,100,True,four_pt,17969.0,0.0,0.9292983412742615,1.0,0.07070163637399673
TCGA-MX-A663-01Z-00-DX1.EBDF2119-63E3-4DA5-B661-440A461904BE,0,1,tbp,-1,8,7,4,False,none,none,16.0,4.0,8,-1,100,True,four_pt,2162.0,0.0,0.9302177429199219,1.0,0.06978227198123932
TCGA-MX-A666-01Z-00-DX1.BBF0F62A-803E-4D05-A8A4-454D7BA15941,0,1,tbp,-1,8,7,4,False,none,none,16.0,4.0,8,-1,100,True,four_pt,3416.0,0.0,0.9761532545089722,1.0,0.023846736177802086
TCGA-R5-A7O7-01Z-00-DX1.89156AC0-4A5F-481D-9D5A-76B3751585F7,0,1,tbp,-1,8,7,4,False,none,none,16.0,4.0,8,-1,100,True,four_pt,3198.0,0.0,0.8920619487762451,1.0,0.1079379990696907
TCGA-R5-A7ZE-01Z-00-DX1.0E7DCE3F-E2A1-4F98-BEBF-E08DF2BF2FF3,0,1,tbp,-1,8,7,4,False,none,none,16.0,4.0,8,-1,100,True,four_pt,3047.0,0.0,0.9360163807868958,1.0,0.06398356705904007
TCGA-R5-A7ZF-01Z-00-DX1.F08C5EC7-7292-4FD6-92FF-73192329C2B5,0,1,tbp,-1,8,7,4,False,none,none,16.0,4.0,8,-1,100,True,four_pt,3710.0,0.0,0.8413233757019043,1.0,0.15867659449577332
TCGA-R5-A7ZR-01Z-00-DX1.3E6B0708-D1AF-422F-B7F8-BBCCCEEE89B7,0,1,tbp,-1,8,7,4,False,none,none,16.0,4.0,8,-1,100,True,four_pt,2472.0,0.0,0.9115016460418701,1.0,0.0884983092546463
TCGA-R5-A805-01Z-00-DX1.855298CD-DC64-4423-ABB1-D7AC92BF5177,0,1,tbp,-1,8,7,4,False,none,none,16.0,4.0,8,-1,100,True,four_pt,3613.0,0.0,0.8960100412368774,1.0,0.10399001091718674
TCGA-RD-A7BS-01Z-00-DX1.F236D43D-0072-47C7-A4D5-6928932D4C9F,0,1,tbp,-1,8,7,4,False,none,none,16.0,4.0,8,-1,100,True,four_pt,112094.0,0.0,0.9753608703613281,1.0,0.024639051407575607
TCGA-RD-A7BW-01Z-00-DX1.C8C51F10-BD65-44AC-BC95-4ED8D017D908,0,1,tbp,-1,8,7,4,False,none,none,16.0,4.0,8,-1,100,True,four_pt,74521.0,0.0,0.9632518887519836,1.0,0.036748092621564865
TCGA-RD-A7C1-01Z-00-DX1.217B7632-39AC-41E1-8491-20C700B08AEC,0,1,tbp,-1,8,7,4,False,none,none,16.0,4.0,8,-1,100,True,four_pt,21280.0,0.0,0.9413016438484192,1.0,0.058698419481515884
TCGA-RD-A8MV-01Z-00-DX1.E658A7D1-8A6A-4BE9-9C89-07B60E9F8983,0,1,tbp,-1,8,7,4,False,none,none,16.0,4.0,8,-1,100,True,four_pt,28954.0,1.0,0.5044788718223572,0.0,0.4955211281776428
TCGA-RD-A8MW-01Z-00-DX1.30EE6F24-3983-4793-9EF6-059B9AF53F24,0,1,tbp,-1,8,7,4,False,none,none,16.0,4.0,8,-1,100,True,four_pt,105189.0,0.0,0.9390084743499756,1.0,0.06099145486950874
TCGA-RD-A8N0-01Z-00-DX1.4C91480F-E7D8-4E37-B528-F5E272F2F8CA,0,1,tbp,-1,8,7,4,False,none,none,16.0,4.0,8,-1,100,True,four_pt,98718.0,0.0,0.9770111441612244,1.0,0.022988859564065933
TCGA-RD-A8N1-01Z-00-DX1.A5D023FB-CBF8-477C-B5D1-8281BAA25E2E,0,1,tbp,-1,8,7,4,False,none,none,16.0,4.0,8,-1,100,True,four_pt,17872.0,0.0,0.8346853852272034,1.0,0.16531458497047424
TCGA-RD-A8N2-01Z-00-DX1.A56448E6-1C5E-4758-AC2E-4591A406116C,0,1,tbp,-1,8,7,4,False,none,none,16.0,4.0,8,-1,100,True,four_pt,63337.0,0.0,0.9666328430175781,1.0,0.03336717188358307
TCGA-RD-A8N4-01Z-00-DX1.03EBE393-9145-4F25-AA4C-E637B6A2A111,0,1,tbp,-1,8,7,4,False,none,none,16.0,4.0,8,-1,100,True,four_pt,55349.0,0.0,0.9229140877723694,1.0,0.0770859569311142
TCGA-RD-A8N6-01Z-00-DX1.E51FADB4-1A2E-415D-9C91-F81705311147,0,1,tbp,-1,8,7,4,False,none,none,16.0,4.0,8,-1,100,True,four_pt,71759.0,0.0,0.9268364906311035,1.0,0.07316350936889648
TCGA-RD-A8N9-01Z-00-DX1.70899C63-3C5D-4993-8215-F7452ADE134D,0,1,tbp,-1,8,7,4,False,none,none,16.0,4.0,8,-1,100,True,four_pt,106165.0,0.0,0.950416088104248,1.0,0.04958394914865494
TCGA-RD-A8NB-01Z-00-DX1.FA45D4EF-D5FA-407A-9BF1-44C2A6326F3A,1,1,tbp,-1,8,7,4,False,none,none,16.0,4.0,8,-1,100,True,four_pt,11948.0,0.0,0.8993053436279297,1.0,0.10069463402032852
TCGA-SW-A7EA-01Z-00-DX1.C5E1BE0E-0A25-4480-A3AC-DB2ED7471A4E,1,1,tbp,-1,8,7,4,False,none,none,16.0,4.0,8,-1,100,True,four_pt,21837.0,0.0,0.5851779580116272,1.0,0.4148220717906952
TCGA-SW-A7EB-01Z-00-DX1.E9DE72F8-706D-43E2-A67E-7EDD39A509EB,0,1,tbp,-1,8,7,4,False,none,none,16.0,4.0,8,-1,100,True,four_pt,18187.0,0.0,0.7287178635597229,1.0,0.2712821066379547
TCGA-VQ-A8DT-01Z-00-DX1.C87953F7-A303-410E-9554-2022A79AF6CC,0,1,tbp,-1,8,7,4,False,none,none,16.0,4.0,8,-1,100,True,four_pt,59753.0,0.0,0.95110023021698,1.0,0.04889976605772972
TCGA-VQ-A8DU-01Z-00-DX1.12DD8768-1315-472E-801D-F44A418BEA41,0,1,tbp,-1,8,7,4,False,none,none,16.0,4.0,8,-1,100,True,four_pt,45561.0,0.0,0.8201717734336853,1.0,0.1798282116651535
TCGA-VQ-A8DV-01Z-00-DX1.DB668CCB-E5C9-49D8-9F0B-2548AA1C3E69,0,1,tbp,-1,8,7,4,False,none,none,16.0,4.0,8,-1,100,True,four_pt,51925.0,0.0,0.7642929553985596,1.0,0.23570702970027924
TCGA-VQ-A8DZ-01Z-00-DX1.3C4CB10D-8C8B-4828-B7D4-7058BDF4D39F,0,1,tbp,-1,8,7,4,False,none,none,16.0,4.0,8,-1,100,True,four_pt,48094.0,0.0,0.8828521966934204,1.0,0.11714779585599899
TCGA-VQ-A8E0-01Z-00-DX1.81F45F4C-5D39-4C76-9888-064D53C9A80D,0,1,tbp,-1,8,7,4,False,none,none,16.0,4.0,8,-1,100,True,four_pt,57712.0,0.0,0.8949516415596008,1.0,0.10504835098981857
TCGA-VQ-A8E2-01Z-00-DX1.6B105EA8-4AF5-4CE0-B5B9-46332130B037,0,1,tbp,-1,8,7,4,False,none,none,16.0,4.0,8,-1,100,True,four_pt,82114.0,0.0,0.7554479837417603,1.0,0.24455203115940094
TCGA-VQ-A8E3-01Z-00-DX1.2CEA9979-EC34-48E2-A092-55757506490A,1,1,tbp,-1,8,7,4,False,none,none,16.0,4.0,8,-1,100,True,four_pt,36363.0,0.0,0.6671518087387085,1.0,0.3328482210636139
TCGA-VQ-A8E7-01Z-00-DX1.30F18F35-5E77-429B-9840-27E60F5129B8,0,1,tbp,-1,8,7,4,False,none,none,16.0,4.0,8,-1,100,True,four_pt,57850.0,0.0,0.8137097358703613,1.0,0.18629027903079987
TCGA-VQ-A8P2-01Z-00-DX1.0515199A-B84D-4973-ACAB-30B919F99FB8,1,1,tbp,-1,8,7,4,False,none,none,16.0,4.0,8,-1,100,True,four_pt,81772.0,0.0,0.6356402635574341,1.0,0.3643597364425659
TCGA-VQ-A8P3-01Z-00-DX1.1B018BDB-5C60-46D8-A014-CE8CA8ADA191,0,1,tbp,-1,8,7,4,False,none,none,16.0,4.0,8,-1,100,True,four_pt,34319.0,0.0,0.8712790012359619,1.0,0.1287209540605545
TCGA-VQ-A8P5-01Z-00-DX1.F3FDCB47-3426-400C-82A9-750012F95B3B,0,1,tbp,-1,8,7,4,False,none,none,16.0,4.0,8,-1,100,True,four_pt,44640.0,0.0,0.6282777190208435,1.0,0.3717223107814789
TCGA-VQ-A8P8-01Z-00-DX1.85D05076-70BE-46A6-B866-94846CD22670,0,1,tbp,-1,8,7,4,False,none,none,16.0,4.0,8,-1,100,True,four_pt,51962.0,0.0,0.9624984264373779,1.0,0.03750157356262207
TCGA-VQ-A8PB-01Z-00-DX1.FAB74FD6-C7AB-422F-ACA9-2DB0ACEC23E5,1,1,tbp,-1,8,7,4,False,none,none,16.0,4.0,8,-1,100,True,four_pt,67911.0,0.0,0.6517744660377502,1.0,0.34822553396224976
TCGA-VQ-A8PC-01Z-00-DX1.03BD1821-DB4A-4FAB-AA6A-A8C91E6215F4,0,1,tbp,-1,8,7,4,False,none,none,16.0,4.0,8,-1,100,True,four_pt,53811.0,0.0,0.8614147305488586,1.0,0.13858531415462494
TCGA-VQ-A8PD-01Z-00-DX1.A9B601CB-83AA-4F0C-BB6D-DD88455FDEE9,0,1,tbp,-1,8,7,4,False,none,none,16.0,4.0,8,-1,100,True,four_pt,52680.0,0.0,0.9698345065116882,1.0,0.030165478587150574
TCGA-VQ-A8PE-01Z-00-DX1.94480121-9AB9-490F-8E7F-77260C6DE0D5,0,1,tbp,-1,8,7,4,False,none,none,16.0,4.0,8,-1,100,True,four_pt,57515.0,0.0,0.7529886364936829,1.0,0.24701137840747833
TCGA-VQ-A8PF-01Z-00-DX1.D0353D95-5F56-4D33-B3DA-08AF9574334D,0,1,tbp,-1,8,7,4,False,none,none,16.0,4.0,8,-1,100,True,four_pt,46409.0,0.0,0.778852641582489,1.0,0.221147358417511
TCGA-VQ-A8PH-01Z-00-DX1.79A66B42-B6CF-49F9-9204-DC21A57DAFF6,0,1,tbp,-1,8,7,4,False,none,none,16.0,4.0,8,-1,100,True,four_pt,78654.0,0.0,0.9878441095352173,1.0,0.012155951000750065
TCGA-VQ-A8PJ-01Z-00-DX1.19F00379-C001-49D2-9B22-6AE0791C8488,0,1,tbp,-1,8,7,4,False,none,none,16.0,4.0,8,-1,100,True,four_pt,31832.0,0.0,0.8555992245674133,1.0,0.1444007307291031
TCGA-VQ-A8PK-01Z-00-DX1.A13BCC99-05AC-4FEC-8BA8-0EDC92EAE02B,0,1,tbp,-1,8,7,4,False,none,none,16.0,4.0,8,-1,100,True,four_pt,70052.0,0.0,0.765544056892395,1.0,0.23445595800876617
TCGA-VQ-A8PO-01Z-00-DX1.CAF2A0EE-75C7-4AB6-86AC-0397EE1B9FBE,1,1,tbp,-1,8,7,4,False,none,none,16.0,4.0,8,-1,100,True,four_pt,51564.0,1.0,0.5371148586273193,0.0,0.46288520097732544
TCGA-VQ-A8PP-01Z-00-DX1.46FE6CC6-A47C-47D3-B21B-A17CF1DDAC76,1,1,tbp,-1,8,7,4,False,none,none,16.0,4.0,8,-1,100,True,four_pt,46355.0,0.0,0.6553003191947937,1.0,0.3446996808052063
TCGA-VQ-A8PQ-01Z-00-DX1.D63AEF37-BAB9-4BFC-9F7E-33509A227B71,0,1,tbp,-1,8,7,4,False,none,none,16.0,4.0,8,-1,100,True,four_pt,74550.0,0.0,0.7612270712852478,1.0,0.2387729436159134
TCGA-VQ-A8PU-01Z-00-DX1.8E355321-0F03-4EEF-80B1-9677982C9D2F,0,1,tbp,-1,8,7,4,False,none,none,16.0,4.0,8,-1,100,True,four_pt,37957.0,0.0,0.50922691822052,1.0,0.4907730519771576
TCGA-VQ-A8PX-01Z-00-DX1.A1886D51-DC33-4B5A-9C71-56E281F13F52,1,1,tbp,-1,8,7,4,False,none,none,16.0,4.0,8,-1,100,True,four_pt,55245.0,0.0,0.7858754992485046,1.0,0.21412445604801178
TCGA-VQ-A91A-01Z-00-DX1.B0F3EE79-4246-4534-9763-EB9C6D60F3AA,0,1,tbp,-1,8,7,4,False,none,none,16.0,4.0,8,-1,100,True,four_pt,73207.0,0.0,0.9368081092834473,1.0,0.06319183111190796
TCGA-VQ-A91D-01Z-00-DX1.B7E99494-FA16-42B5-AC1C-1498A7989111,1,1,tbp,-1,8,7,4,False,none,none,16.0,4.0,8,-1,100,True,four_pt,69815.0,0.0,0.7923688888549805,1.0,0.20763108134269714
TCGA-VQ-A91K-01Z-00-DX1.42AFBDC4-809A-4245-8550-DE9B9A11F09F,1,1,tbp,-1,8,7,4,False,none,none,16.0,4.0,8,-1,100,True,four_pt,44251.0,0.0,0.6869348287582397,1.0,0.3130651116371155
TCGA-VQ-A91N-01Z-00-DX1.4F7CF3DD-8AAA-43DE-98C1-E44B2B5FB019,0,1,tbp,-1,8,7,4,False,none,none,16.0,4.0,8,-1,100,True,four_pt,66922.0,0.0,0.9079204797744751,1.0,0.0920795127749443
TCGA-VQ-A91Q-01Z-00-DX1.9928DA7E-B36D-4E5E-8F0F-BD41DA588DB9,0,1,tbp,-1,8,7,4,False,none,none,16.0,4.0,8,-1,100,True,four_pt,32542.0,0.0,0.8560627102851868,1.0,0.14393725991249084
TCGA-VQ-A91S-01Z-00-DX1.11BCF3BE-4C79-4F6F-92B5-2C45190DBD86,0,1,tbp,-1,8,7,4,False,none,none,16.0,4.0,8,-1,100,True,four_pt,99179.0,0.0,0.7272934913635254,1.0,0.2727065086364746
TCGA-VQ-A91U-01Z-00-DX1.84D19359-4AC3-4C7A-BC5B-7B63173ABB60,0,1,tbp,-1,8,7,4,False,none,none,16.0,4.0,8,-1,100,True,four_pt,34961.0,0.0,0.8836037516593933,1.0,0.11639628559350967
TCGA-VQ-A91V-01Z-00-DX1.E271D33E-3E57-445D-8373-2386B56FE9A9,0,1,tbp,-1,8,7,4,False,none,none,16.0,4.0,8,-1,100,True,four_pt,62524.0,0.0,0.9056817293167114,1.0,0.09431827068328857
TCGA-VQ-A91X-01Z-00-DX1.8D0815BF-2430-4471-881E-1E12357ACEA4,0,1,tbp,-1,8,7,4,False,none,none,16.0,4.0,8,-1,100,True,four_pt,37900.0,0.0,0.90813809633255,1.0,0.09186184406280518
TCGA-VQ-A91Y-01Z-00-DX1.9401E1F3-4110-4F1E-99A0-36D4E1518650,0,1,tbp,-1,8,7,4,False,none,none,16.0,4.0,8,-1,100,True,four_pt,55873.0,0.0,0.9328827857971191,1.0,0.06711716949939728
TCGA-VQ-A91Z-01Z-00-DX1.14F618B5-D177-4129-A7C1-99373536DE45,0,1,tbp,-1,8,7,4,False,none,none,16.0,4.0,8,-1,100,True,four_pt,43604.0,0.0,0.8075516819953918,1.0,0.19244830310344696
TCGA-VQ-A922-01Z-00-DX1.445608A5-D4F1-44AB-8642-3C944D753D87,0,1,tbp,-1,8,7,4,False,none,none,16.0,4.0,8,-1,100,True,four_pt,65343.0,0.0,0.8817362189292908,1.0,0.11826376616954803
TCGA-VQ-A923-01Z-00-DX1.86FE7ABA-9C93-4637-A71F-F3EBA2BB4BDF,0,1,tbp,-1,8,7,4,False,none,none,16.0,4.0,8,-1,100,True,four_pt,56763.0,0.0,0.8242509365081787,1.0,0.1757490336894989
TCGA-VQ-A924-01Z-00-DX1.736B41F3-9678-4FAF-AE86-FCAC4F6DCBD3,1,1,tbp,-1,8,7,4,False,none,none,16.0,4.0,8,-1,100,True,four_pt,39716.0,1.0,0.5689159035682678,0.0,0.4310840666294098
TCGA-VQ-A925-01Z-00-DX1.D9AB5ADD-B946-4994-A3F2-646888C69E0D,0,1,tbp,-1,8,7,4,False,none,none,16.0,4.0,8,-1,100,True,four_pt,76492.0,0.0,0.9262552857398987,1.0,0.07374469190835953
TCGA-VQ-A927-01Z-00-DX1.F4ACCDED-FBF5-4900-B000-638B3015EBFA,0,1,tbp,-1,8,7,4,False,none,none,16.0,4.0,8,-1,100,True,four_pt,62005.0,0.0,0.9302057027816772,1.0,0.06979434192180634
TCGA-VQ-A928-01Z-00-DX1.633B64F3-2F87-4C76-ABC4-4E03D04AF9EC,0,1,tbp,-1,8,7,4,False,none,none,16.0,4.0,8,-1,100,True,four_pt,50046.0,0.0,0.9179955124855042,1.0,0.08200448006391525
TCGA-VQ-A92D-01Z-00-DX1.13EF7944-C276-4A3B-B9B3-7DC65A82AD60,0,1,tbp,-1,8,7,4,False,none,none,16.0,4.0,8,-1,100,True,four_pt,64322.0,0.0,0.8321418166160583,1.0,0.16785816848278046
TCGA-VQ-A94O-01Z-00-DX1.83040E68-904F-4F7E-B4E1-34C860098228,0,1,tbp,-1,8,7,4,False,none,none,16.0,4.0,8,-1,100,True,four_pt,53368.0,0.0,0.8828874826431274,1.0,0.11711251735687256
TCGA-VQ-A94P-01Z-00-DX1.83E87D6C-D210-4C06-BB5B-49A1F3E14EE0,0,1,tbp,-1,8,7,4,False,none,none,16.0,4.0,8,-1,100,True,four_pt,16033.0,0.0,0.5921528339385986,1.0,0.4078471064567566
TCGA-VQ-A94T-01Z-00-DX1.DEFEFBD0-CE26-4F75-B9C4-F55344A7CAA8,0,1,tbp,-1,8,7,4,False,none,none,16.0,4.0,8,-1,100,True,four_pt,79188.0,0.0,0.8852859139442444,1.0,0.11471407115459442
TCGA-VQ-A94U-01Z-00-DX1.5E27CE1E-CF07-4219-9536-D5F898E47A9B,0,1,tbp,-1,8,7,4,False,none,none,16.0,4.0,8,-1,100,True,four_pt,62304.0,0.0,0.8992122411727905,1.0,0.10078776627779007
TCGA-VQ-AA64-01Z-00-DX1.90641552-B556-4020-AA11-21E754BD5891,0,1,tbp,-1,8,7,4,False,none,none,16.0,4.0,8,-1,100,True,four_pt,73623.0,0.0,0.8813384175300598,1.0,0.11866161227226257
TCGA-VQ-AA68-01Z-00-DX1.CF6FBB15-5887-4406-946A-AF93918EC318,0,1,tbp,-1,8,7,4,False,none,none,16.0,4.0,8,-1,100,True,four_pt,70552.0,0.0,0.8526997566223145,1.0,0.14730025827884674
TCGA-VQ-AA69-01Z-00-DX1.1EEF2AD7-6470-44B5-9E87-E77AE47262F0,0,1,tbp,-1,8,7,4,False,none,none,16.0,4.0,8,-1,100,True,four_pt,43384.0,0.0,0.8445824384689331,1.0,0.1554175615310669
TCGA-VQ-AA6A-01Z-00-DX1.52D958F4-34B3-43F1-9DAC-960E69C958CA,0,1,tbp,-1,8,7,4,False,none,none,16.0,4.0,8,-1,100,True,four_pt,61168.0,0.0,0.9387807846069336,1.0,0.06121925637125969
TCGA-VQ-AA6B-01Z-00-DX1.C6CB7290-4A83-4963-8840-68BC208D1232,0,1,tbp,-1,8,7,4,False,none,none,16.0,4.0,8,-1,100,True,four_pt,53188.0,0.0,0.8825246095657349,1.0,0.11747544258832932
TCGA-VQ-AA6D-01Z-00-DX1.C1D51961-84D7-4AA6-9645-60120B105A68,1,1,tbp,-1,8,7,4,False,none,none,16.0,4.0,8,-1,100,True,four_pt,48313.0,0.0,0.8976138234138489,1.0,0.10238612443208694
TCGA-VQ-AA6F-01Z-00-DX1.EA90F7CF-FE3F-4FED-A8E0-C83FEE96F4CA,0,1,tbp,-1,8,7,4,False,none,none,16.0,4.0,8,-1,100,True,four_pt,67707.0,0.0,0.8548107147216797,1.0,0.1451893299818039
TCGA-VQ-AA6G-01Z-00-DX1.3BDB7578-931A-47DB-933F-C7CA7CD50EDE,0,1,tbp,-1,8,7,4,False,none,none,16.0,4.0,8,-1,100,True,four_pt,52270.0,0.0,0.8962082862854004,1.0,0.10379178076982498
TCGA-VQ-AA6I-01Z-00-DX1.B11762F9-1DA7-4140-8F45-2B372B497379,0,1,tbp,-1,8,7,4,False,none,none,16.0,4.0,8,-1,100,True,four_pt,65606.0,0.0,0.8182735443115234,1.0,0.18172644078731537
TCGA-VQ-AA6J-01Z-00-DX1.212AF324-26E9-4807-A64B-6325D6E94507,0,1,tbp,-1,8,7,4,False,none,none,16.0,4.0,8,-1,100,True,four_pt,63872.0,0.0,0.8451946973800659,1.0,0.15480536222457886
TCGA-VQ-AA6K-01Z-00-DX1.8AF14797-0C31-4DF3-94A4-868EC96E7BB1,0,1,tbp,-1,8,7,4,False,none,none,16.0,4.0,8,-1,100,True,four_pt,3095.0,0.0,0.8705797791481018,1.0,0.1294202208518982
TCGA-ZA-A8F6-01Z-00-DX1.89510833-5BC8-4983-817E-0E9244824168,0,1,tbp,-1,8,7,4,False,none,none,16.0,4.0,8,-1,100,True,four_pt,28039.0,0.0,0.9110059142112732,1.0,0.08899406343698502
TCGA-ZQ-A9CR-01Z-00-DX1.C9AC9991-7054-4068-A7AA-9D1EB7F040A3,0,1,tbp,-1,8,7,4,False,none,none,16.0,4.0,8,-1,100,True,four_pt,107282.0,0.0,0.8650850057601929,1.0,0.1349150389432907
